"name","inchi"
" R  2 Oxo 3 methylpentanoate C6H9O3","InChI=1S/C6H10O3/c1-3-4(2)5(7)6(8)9/h4H,3H2,1-2H3,(H,8,9)"
" R  Acetoin C4H8O2","InChI=1S/C4H8O2/c1-3(5)4(2)6/h3,5H,1-2H3"
" R R  2 3 Butanediol C4H10O2",""
" S  3 Hydroxybutyryl CoA C25H38N7O18P3S","InChI=1S/C25H42N7O18P3S/c1-13(33)8-16(35)54-7-6-27-15(34)4-5-28-23(38)20(37)25(2,3)10-47-53(44,45)50-52(42,43)46-9-14-19(49-51(39,40)41)18(36)24(48-14)32-12-31-17-21(26)29-11-30-22(17)32/h11-14,18-20,24,33,36-37H,4-10H2,1-3H3,(H,27,34)(H,28,38)(H,42,43)(H,44,45)(H2,26,29,30)(H2,39,40,41)"
" S  3 Hydroxyisobutyryl CoA C25H38N7O18P3S","InChI=1S/C25H42N7O18P3S/c1-13(8-33)24(38)54-7-6-27-15(34)4-5-28-22(37)19(36)25(2,3)10-47-53(44,45)50-52(42,43)46-9-14-18(49-51(39,40)41)17(35)23(48-14)32-12-31-16-20(26)29-11-30-21(16)32/h11-14,17-19,23,33,35-36H,4-10H2,1-3H3,(H,27,34)(H,28,37)(H,42,43)(H,44,45)(H2,26,29,30)(H2,39,40,41)"
" S  Methylmalonate semialdehyde C4H5O3",""
"(-)-Ureidoglycolate","InChI=1S/C3H6N2O4/c4-3(9)5-1(6)2(7)8/h1,6H,(H,7,8)(H3,4,5,9)"
"(R)-2,3-Dihydroxy-3-methylbutanoate","InChI=1S/C5H10O4/c1-5(2,9)3(6)4(7)8/h3,6,9H,1-2H3,(H,7,8)"
"(R)-2,3-Dihydroxy-3-methylpentanoate","InChI=1S/C6H12O4/c1-3-6(2,10)4(7)5(8)9/h4,7,10H,3H2,1-2H3,(H,8,9)"
"(R)-Glycerate","InChI=1S/C3H6O4/c4-1-2(5)3(6)7/h2,4-5H,1H2,(H,6,7)"
"(R)-Pantoate","InChI=1S/C6H12O4/c1-6(2,3-7)4(8)5(9)10/h4,7-8H,3H2,1-2H3,(H,9,10)"
"(R)-Pantothenate","InChI=1S/C9H17NO5/c1-9(2,5-11)7(14)8(15)10-4-3-6(12)13/h7,11,14H,3-5H2,1-2H3,(H,10,15)(H,12,13)"
"(S)-2-Aceto-2-hydroxybutanoate","InChI=1S/C6H10O4/c1-3-6(10,4(2)7)5(8)9/h10H,3H2,1-2H3,(H,8,9)"
"(S)-2-Acetolactate","InChI=1S/C5H8O4/c1-3(6)5(2,9)4(7)8/h9H,1-2H3,(H,7,8)"
"(S)-2-[5-Amino-1-(5-phospho-D-ribosyl)imidazole-4-carboxamido]succinate","InChI=1S/C12H20N5O9P/c13-6(18)1-2-7(19)16-11-10(14)17(4-15-11)12-9(21)8(20)5(26-12)3-25-27(22,23)24/h4-5,8-9,12,20-21H,1-3,14H2,(H2,13,18)(H,16,19)(H2,22,23,24)"
"(S)-3-Hydroxy-2-methylbutyryl-CoA","InChI=1S/C26H44N7O18P3S/c1-13(14(2)34)25(39)55-8-7-28-16(35)5-6-29-23(38)20(37)26(3,4)10-48-54(45,46)51-53(43,44)47-9-15-19(50-52(40,41)42)18(36)24(49-15)33-12-32-17-21(27)30-11-31-22(17)33/h11-15,18-20,24,34,36-37H,5-10H2,1-4H3,(H,28,35)(H,29,38)(H,43,44)(H,45,46)(H2,27,30,31)(H2,40,41,42)"
"(S)-3-Hydroxydecanoyl-CoA","InChI=1S/C31H54N7O18P3S/c1-4-5-6-7-8-9-19(39)14-22(41)60-13-12-33-21(40)10-11-34-29(44)26(43)31(2,3)16-53-59(50,51)56-58(48,49)52-15-20-25(55-57(45,46)47)24(42)30(54-20)38-18-37-23-27(32)35-17-36-28(23)38/h17-20,24-26,30,39,42-43H,4-16H2,1-3H3,(H,33,40)(H,34,44)(H,48,49)(H,50,51)(H2,32,35,36)(H2,45,46,47)"
"(S)-3-Hydroxydodecanoyl-CoA","InChI=1S/C33H58N7O18P3S/c1-4-5-6-7-8-9-10-11-21(41)16-24(43)62-15-14-35-23(42)12-13-36-31(46)28(45)33(2,3)18-55-61(52,53)58-60(50,51)54-17-22-27(57-59(47,48)49)26(44)32(56-22)40-20-39-25-29(34)37-19-38-30(25)40/h19-22,26-28,32,41,44-45H,4-18H2,1-3H3,(H,35,42)(H,36,46)(H,50,51)(H,52,53)(H2,34,37,38)(H2,47,48,49)"
"(S)-3-Hydroxyhexadecanoyl-CoA","InChI=1S/C37H66N7O18P3S/c1-4-5-6-7-8-9-10-11-12-13-14-15-25(45)20-28(47)66-19-18-39-27(46)16-17-40-35(50)32(49)37(2,3)22-59-65(56,57)62-64(54,55)58-21-26-31(61-63(51,52)53)30(48)36(60-26)44-24-43-29-33(38)41-23-42-34(29)44/h23-26,30-32,36,45,48-49H,4-22H2,1-3H3,(H,39,46)(H,40,50)(H,54,55)(H,56,57)(H2,38,41,42)(H2,51,52,53)"
"(S)-3-Hydroxyhexanoyl-CoA","InChI=1S/C27H46N7O18P3S/c1-4-5-15(35)10-18(37)56-9-8-29-17(36)6-7-30-25(40)22(39)27(2,3)12-49-55(46,47)52-54(44,45)48-11-16-21(51-53(41,42)43)20(38)26(50-16)34-14-33-19-23(28)31-13-32-24(19)34/h13-16,20-22,26,35,38-39H,4-12H2,1-3H3,(H,29,36)(H,30,40)(H,44,45)(H,46,47)(H2,28,31,32)(H2,41,42,43)"
"(S)-3-Hydroxyoctanoyl-CoA","InChI=1S/C29H50N7O18P3S/c1-4-5-6-7-17(37)12-20(39)58-11-10-31-19(38)8-9-32-27(42)24(41)29(2,3)14-51-57(48,49)54-56(46,47)50-13-18-23(53-55(43,44)45)22(40)28(52-18)36-16-35-21-25(30)33-15-34-26(21)36/h15-18,22-24,28,37,40-41H,4-14H2,1-3H3,(H,31,38)(H,32,42)(H,46,47)(H,48,49)(H2,30,33,34)(H2,43,44,45)"
"(S)-3-Hydroxytetradecanoyl-CoA","InChI=1S/C35H62N7O18P3S/c1-4-5-6-7-8-9-10-11-12-13-23(43)18-26(45)64-17-16-37-25(44)14-15-38-33(48)30(47)35(2,3)20-57-63(54,55)60-62(52,53)56-19-24-29(59-61(49,50)51)28(46)34(58-24)42-22-41-27-31(36)39-21-40-32(27)42/h21-24,28-30,34,43,46-47H,4-20H2,1-3H3,(H,37,44)(H,38,48)(H,52,53)(H,54,55)(H2,36,39,40)(H2,49,50,51)"
"(S)-3-Methyl-2-oxopentanoate","InChI=1S/C6H10O3/c1-3-4(2)5(7)6(8)9/h4H,3H2,1-2H3,(H,8,9)"
"(S)-Dihydroorotate","InChI=1S/C5H6N2O4/c8-3-1-2(4(9)10)6-5(11)7-3/h2H,1H2,(H,9,10)(H2,6,7,8,11)"
"1 2 diacyl sn glycerol 3 phosphate C3436H6572O800P100",""
"1 2 diacylglycerol C3436H6672O500",""
"1 2 dihydroxy 3 keto 5 methylthiopentene C6H8O3S",""
"1 Acyl sn glycerol 3 phsophate C1868H3636O700P100",""
"1,4-Dihydroxy-2-naphthoate","InChI=1S/C11H8O4/c12-9-5-8(11(14)15)10(13)7-4-2-1-3-6(7)9/h1-5,12-13H,(H,14,15)"
"1-(2-Carboxyphenylamino)-1-deoxy-D-ribulose 5-phosphate","InChI=1S/C12H16NO9P/c14-9(11(16)10(15)6-22-23(19,20)21)5-13-8-4-2-1-3-7(8)12(17)18/h1-4,10-11,13,15-16H,5-6H2,(H,17,18)(H2,19,20,21)"
"1-(5-Phosphoribosyl)-5-[(5-phosphoribosylamino)methylideneamino]imidazole-4-carboxamide","InChI=1S/C15H25N5O15P2/c16-12(25)7-13(17-3-18-14-10(23)8(21)5(34-14)1-32-36(26,27)28)20(4-19-7)15-11(24)9(22)6(35-15)2-33-37(29,30)31/h3-6,8-11,14-15,21-24H,1-2H2,(H2,16,25)(H,17,18)(H2,26,27,28)(H2,29,30,31)"
"1-(5-Phosphoribosyl)-AMP","InChI=1S/C15H23N5O14P2/c16-12-7-13(18-4-19(12)14-10(23)8(21)5(33-14)1-31-35(25,26)27)20(3-17-7)15-11(24)9(22)6(34-15)2-32-36(28,29)30/h3-6,8-11,14-16,21-24H,1-2H2,(H2,25,26,27)(H2,28,29,30)"
"1-(5-Phosphoribosyl)-ATP","InChI=1S/C15H25N5O20P4/c16-12-7-13(18-4-19(12)14-10(23)8(21)5(37-14)1-35-41(25,26)27)20(3-17-7)15-11(24)9(22)6(38-15)2-36-43(31,32)40-44(33,34)39-42(28,29)30/h3-6,8-11,14-16,21-24H,1-2H2,(H,31,32)(H,33,34)(H2,25,26,27)(H2,28,29,30)"
"1-Pyrroline-5-carboxylate","InChI=1S/C5H7NO2/c7-5(8)4-2-1-3-6-4/h3-4H,1-2H2,(H,7,8)"
"1-deoxy-D-xylulose 5-phosphate","InChI=1S/C5H11O7P/c1-3(6)5(8)4(7)2-12-13(9,10)11/h4-5,7-8H,2H2,1H3,(H2,9,10,11)"
"1-hydroxy-2-methyl-2-(E)-butenyl 4-diphosphate","InChI=1S/C5H12O8P2/c1-5(4-6)2-3-12-15(10,11)13-14(7,8)9/h2,6H,3-4H2,1H3,(H,10,11)(H2,7,8,9)"
"10-Formyltetrahydrofolate","InChI=1S/C20H23N7O7/c21-20-25-16-15(18(32)26-20)23-11(7-22-16)8-27(9-28)12-3-1-10(2-4-12)17(31)24-13(19(33)34)5-6-14(29)30/h1-4,9,11,13,23H,5-8H2,(H,24,31)(H,29,30)(H,33,34)(H4,21,22,25,26,32)"
"2  Hydroxymethyl phenol C7H8O2","InChI=1S/C7H8O2/c8-5-6-3-1-2-4-7(6)9/h1-4,8-9H,5H2"
"2 5 Diamino 6 hydroxy 4  5  phosphoribosylamino  pyrimidine C9H14N5O8P",""
"2 Amino 4 hydroxy 6 hydroxymethyl 7 8 dihydropteridine C7H9N5O2",""
"2 Amino 4 hydroxy 6 hydroxymethyl 7 8 dihydropteridine diphosphate C7H8N5O8P2","InChI=1S/C7H11N5O8P2/c8-7-11-5-4(6(13)12-7)10-3(1-9-5)2-19-22(17,18)20-21(14,15)16/h1-2H2,(H,17,18)(H2,14,15,16)(H4,8,9,11,12,13)"
"2 Demethylmenaquinone 7 C45H62O2",""
"2 Hydroxy 3 oxopropanoate C3H3O4","InChI=1S/C3H4O4/c4-1-2(5)3(6)7/h1-2,5H,(H,6,7)"
"2 hydroxy 3 keto 5 methylthiopentenyl 1 phosphate C6H8O6PS","InChI=1S/C6H11O6PS/c1-14-3-2-5(7)6(8)4-12-13(9,10)11/h4,8H,2-3H2,1H3,(H2,9,10,11)"
"2,3,4,5-Tetrahydrodipicolinate","InChI=1S/C7H9NO4/c9-6(10)4-2-1-3-5(8-4)7(11)12/h4H,1-3H2,(H,9,10)(H,11,12)"
"2,3-Dihydrodipicolinate","InChI=1S/C7H7NO4/c9-6(10)4-2-1-3-5(8-4)7(11)12/h1-2,5H,3H2,(H,9,10)(H,11,12)"
"2,3-diketo-5-methylthio-1-phosphopentane","InChI=1S/C6H11O6PS/c1-14-3-2-5(7)6(8)4-12-13(9,10)11/h4,8H,2-3H2,1H3,(H2,9,10,11)"
"2-(Formamido)-N1-(5-phospho-D-ribosyl)acetamidine","InChI=1S/C8H16N3O8P/c9-5(1-10-3-12)11-8-7(14)6(13)4(19-8)2-18-20(15,16)17/h3-4,6-8,13-14H,1-2H2,(H2,9,11)(H,10,12)(H2,15,16,17)"
"2-Amino-4-hydroxy-6-(erythro-1,2,3-trihydroxypropyl)dihydropteridine triphosphate","InChI=1S/C9H16N5O13P3/c10-9-13-7-5(8(17)14-9)12-3(1-11-7)6(16)4(15)2-25-29(21,22)27-30(23,24)26-28(18,19)20/h4,6,15-16H,1-2H2,(H,21,22)(H,23,24)(H2,18,19,20)(H4,10,11,13,14,17)"
"2-C-methyl-D-erythritol 2,4-cyclodiphosphate","InChI=1S/C5H12O9P2/c1-5(3-6)4(7)2-12-15(8,9)14-16(10,11)13-5/h4,6-7H,2-3H2,1H3,(H,8,9)(H,10,11)"
"2-C-methyl-D-erythritol 4-phosphate","InChI=1S/C5H13O7P/c1-5(8,3-6)4(7)2-12-13(9,10)11/h4,6-8H,2-3H2,1H3,(H2,9,10,11)"
"2-Dehydro-3-deoxy-D-arabino-heptonate 7-phosphate","InChI=1S/C7H13O10P/c8-3(1-4(9)7(12)13)6(11)5(10)2-17-18(14,15)16/h3,5-6,8,10-11H,1-2H2,(H,12,13)(H2,14,15,16)"
"2-Dehydro-3-deoxy-D-gluconate","InChI=1S/C6H10O6/c7-2-5(10)3(8)1-4(9)6(11)12/h3,5,7-8,10H,1-2H2,(H,11,12)"
"2-Dehydro-3-deoxy-D-gluconate 6-phosphate","InChI=1S/C6H11O9P/c7-3(1-4(8)6(10)11)5(9)2-15-16(12,13)14/h3,5,7,9H,1-2H2,(H,10,11)(H2,12,13,14)"
"2-Dehydropantoate","InChI=1S/C6H10O4/c1-6(2,3-7)4(8)5(9)10/h7H,3H2,1-2H3,(H,9,10)"
"2-Deoxy-D-ribose 1-phosphate","InChI=1S/C5H11O7P/c6-2-4-3(7)1-5(11-4)12-13(8,9)10/h3-7H,1-2H2,(H2,8,9,10)"
"2-Deoxy-D-ribose 5-phosphate","InChI=1S/C5H11O7P/c6-2-1-4(7)5(8)3-12-13(9,10)11/h2,4-5,7-8H,1,3H2,(H2,9,10,11)"
"2-Inosose","InChI=1S/C6H10O6/c7-1-2(8)4(10)6(12)5(11)3(1)9/h1-5,7-11H"
"2-Isopropylmaleate","InChI=1S/C7H10O4/c1-4(2)5(7(10)11)3-6(8)9/h3-4H,1-2H3,(H,8,9)(H,10,11)"
"2-Methyl-3-acetoacetyl-CoA","InChI=1S/C26H42N7O18P3S/c1-13(14(2)34)25(39)55-8-7-28-16(35)5-6-29-23(38)20(37)26(3,4)10-48-54(45,46)51-53(43,44)47-9-15-19(50-52(40,41)42)18(36)24(49-15)33-12-32-17-21(27)30-11-31-22(17)33/h11-13,15,18-20,24,36-37H,5-10H2,1-4H3,(H,28,35)(H,29,38)(H,43,44)(H,45,46)(H2,27,30,31)(H2,40,41,42)"
"2-Methyl-3-oxopropanoate","InChI=1S/C4H6O3/c1-3(2-5)4(6)7/h2-3H,1H3,(H,6,7)"
"2-Methylbutanoyl-CoA","InChI=1S/C26H44N7O17P3S/c1-5-14(2)25(38)54-9-8-28-16(34)6-7-29-23(37)20(36)26(3,4)11-47-53(44,45)50-52(42,43)46-10-15-19(49-51(39,40)41)18(35)24(48-15)33-13-32-17-21(27)30-12-31-22(17)33/h12-15,18-20,24,35-36H,5-11H2,1-4H3,(H,28,34)(H,29,37)(H,42,43)(H,44,45)(H2,27,30,31)(H2,39,40,41)"
"2-Methylcitrate","InChI=1S/C7H10O7/c1-3(5(10)11)7(14,6(12)13)2-4(8)9/h3,14H,2H2,1H3,(H,8,9)(H,10,11)(H,12,13)"
"2-Methylprop-2-enoyl-CoA","InChI=1S/C25H40N7O17P3S/c1-13(2)24(37)53-8-7-27-15(33)5-6-28-22(36)19(35)25(3,4)10-46-52(43,44)49-51(41,42)45-9-14-18(48-50(38,39)40)17(34)23(47-14)32-12-31-16-20(26)29-11-30-21(16)32/h11-12,14,17-19,23,34-35H,1,5-10H2,2-4H3,(H,27,33)(H,28,36)(H,41,42)(H,43,44)(H2,26,29,30)(H2,38,39,40)"
"2-Oxobutanoate","InChI=1S/C4H6O3/c1-2-3(5)4(6)7/h2H2,1H3,(H,6,7)"
"2-Oxoglutarate","InChI=1S/C5H6O5/c6-3(5(9)10)1-2-4(7)8/h1-2H2,(H,7,8)(H,9,10)"
"2-Phosphoglycolate","InChI=1S/C2H5O6P/c3-2(4)1-8-9(5,6)7/h1H2,(H,3,4)(H2,5,6,7)"
"2-Succinyl-6-hydroxy-2,4-cyclohexadiene-1-carboxylate","InChI=1S/C11H12O6/c12-7(4-5-9(14)15)6-2-1-3-8(13)10(6)11(16)17/h1-3,8,10,13H,4-5H2,(H,14,15)(H,16,17)"
"2-keto-4-methylthiobutyrate","InChI=1S/C5H8O3S/c1-9-3-2-4(6)5(7)8/h2-3H2,1H3,(H,7,8)"
"2-phospho-4-(cytidine 5'-diphospho)-2-C-methyl-D-erythritol","InChI=1S/C14H26N3O17P3/c1-14(6-18,33-35(23,24)25)8(19)5-31-37(28,29)34-36(26,27)30-4-7-10(20)11(21)12(32-7)17-3-2-9(15)16-13(17)22/h2-3,7-8,10-12,18-21H,4-6H2,1H3,(H,26,27)(H,28,29)(H2,15,16,22)(H2,23,24,25)"
"3  AMP C10H12N5O7P","InChI=1S/C10H14N5O7P/c11-8-5-9(13-2-12-8)15(3-14-5)10-6(17)7(4(1-16)21-10)22-23(18,19)20/h2-4,6-7,10,16-17H,1H2,(H2,11,12,13)(H2,18,19,20)"
"3  CMP C9H12N3O8P","InChI=1S/C9H14N3O8P/c10-5-1-2-12(9(15)11-5)8-6(14)7(4(3-13)19-8)20-21(16,17)18/h1-2,4,6-8,13-14H,3H2,(H2,10,11,15)(H2,16,17,18)"
"3  UMP C9H11N2O9P","InChI=1S/C9H13N2O9P/c12-3-4-7(20-21(16,17)18)6(14)8(19-4)11-2-1-5(13)10-9(11)15/h1-2,4,6-8,12,14H,3H2,(H,10,13,15)(H2,16,17,18)"
"3,4-dihydroxy-2-butanone 4-phosphate","InChI=1S/C4H9O6P/c1-3(5)4(6)2-10-11(7,8)9/h4,6H,2H2,1H3,(H2,7,8,9)"
"3-(4-Hydroxyphenyl)pyruvate","InChI=1S/C9H8O4/c10-7-3-1-6(2-4-7)5-8(11)9(12)13/h1-4,10H,5H2,(H,12,13)"
"3-(Imidazol-4-yl)-2-oxopropyl phosphate","InChI=1S/C6H9N2O5P/c9-6(3-13-14(10,11)12)1-5-2-7-4-8-5/h2,4H,1,3H2,(H,7,8)(H2,10,11,12)"
"3-Carboxy-2-hydroxy-4-methylpentanoate","InChI=1S/C7H12O5/c1-3(2)4(6(9)10)5(8)7(11)12/h3-5,8H,1-2H3,(H,9,10)(H,11,12)"
"3-Carboxy-3-hydroxy-4-methylpentanoate","InChI=1S/C7H12O5/c1-4(2)7(12,6(10)11)3-5(8)9/h4,12H,3H2,1-2H3,(H,8,9)(H,10,11)"
"3-Carboxy-4-methyl-2-oxopentanoate","InChI=1S/C7H10O5/c1-3(2)4(6(9)10)5(8)7(11)12/h3-4H,1-2H3,(H,9,10)(H,11,12)"
"3-Dehydroquinate","InChI=1S/C7H10O6/c8-3-1-7(13,6(11)12)2-4(9)5(3)10/h3,5,8,10,13H,1-2H2,(H,11,12)"
"3-Dehydroshikimate","InChI=1S/C7H8O5/c8-4-1-3(7(11)12)2-5(9)6(4)10/h1,5-6,9-10H,2H2,(H,11,12)"
"3-Hydroxy-2-methylpropanoate","InChI=1S/C4H8O3/c1-3(2-5)4(6)7/h3,5H,2H2,1H3,(H,6,7)"
"3-Methyl-2-oxobutanoate","InChI=1S/C5H8O3/c1-3(2)4(6)5(7)8/h3H,1-2H3,(H,7,8)"
"3-Oxodecanoyl-CoA","InChI=1S/C31H52N7O18P3S/c1-4-5-6-7-8-9-19(39)14-22(41)60-13-12-33-21(40)10-11-34-29(44)26(43)31(2,3)16-53-59(50,51)56-58(48,49)52-15-20-25(55-57(45,46)47)24(42)30(54-20)38-18-37-23-27(32)35-17-36-28(23)38/h17-18,20,24-26,30,42-43H,4-16H2,1-3H3,(H,33,40)(H,34,44)(H,48,49)(H,50,51)(H2,32,35,36)(H2,45,46,47)"
"3-Oxododecanoyl-CoA","InChI=1S/C33H56N7O18P3S/c1-4-5-6-7-8-9-10-11-21(41)16-24(43)62-15-14-35-23(42)12-13-36-31(46)28(45)33(2,3)18-55-61(52,53)58-60(50,51)54-17-22-27(57-59(47,48)49)26(44)32(56-22)40-20-39-25-29(34)37-19-38-30(25)40/h19-20,22,26-28,32,44-45H,4-18H2,1-3H3,(H,35,42)(H,36,46)(H,50,51)(H,52,53)(H2,34,37,38)(H2,47,48,49)"
"3-Oxohexadecanoyl-CoA","InChI=1S/C37H64N7O18P3S/c1-4-5-6-7-8-9-10-11-12-13-14-15-25(45)20-28(47)66-19-18-39-27(46)16-17-40-35(50)32(49)37(2,3)22-59-65(56,57)62-64(54,55)58-21-26-31(61-63(51,52)53)30(48)36(60-26)44-24-43-29-33(38)41-23-42-34(29)44/h23-24,26,30-32,36,48-49H,4-22H2,1-3H3,(H,39,46)(H,40,50)(H,54,55)(H,56,57)(H2,38,41,42)(H2,51,52,53)"
"3-Oxohexanoyl-CoA","InChI=1S/C27H44N7O18P3S/c1-4-5-15(35)10-18(37)56-9-8-29-17(36)6-7-30-25(40)22(39)27(2,3)12-49-55(46,47)52-54(44,45)48-11-16-21(51-53(41,42)43)20(38)26(50-16)34-14-33-19-23(28)31-13-32-24(19)34/h13-14,16,20-22,26,38-39H,4-12H2,1-3H3,(H,29,36)(H,30,40)(H,44,45)(H,46,47)(H2,28,31,32)(H2,41,42,43)"
"3-Oxooctanoyl-CoA","InChI=1S/C29H48N7O18P3S/c1-4-5-6-7-17(37)12-20(39)58-11-10-31-19(38)8-9-32-27(42)24(41)29(2,3)14-51-57(48,49)54-56(46,47)50-13-18-23(53-55(43,44)45)22(40)28(52-18)36-16-35-21-25(30)33-15-34-26(21)36/h15-16,18,22-24,28,40-41H,4-14H2,1-3H3,(H,31,38)(H,32,42)(H,46,47)(H,48,49)(H2,30,33,34)(H2,43,44,45)"
"3-Oxotetradecanoyl-CoA","InChI=1S/C35H60N7O18P3S/c1-4-5-6-7-8-9-10-11-12-13-23(43)18-26(45)64-17-16-37-25(44)14-15-38-33(48)30(47)35(2,3)20-57-63(54,55)60-62(52,53)56-19-24-29(59-61(49,50)51)28(46)34(58-24)42-22-41-27-31(36)39-21-40-32(27)42/h21-22,24,28-30,34,46-47H,4-20H2,1-3H3,(H,37,44)(H,38,48)(H,52,53)(H,54,55)(H2,36,39,40)(H2,49,50,51)"
"3-Phospho-D-glycerate","InChI=1S/C3H7O7P/c4-2(3(5)6)1-10-11(7,8)9/h2,4H,1H2,(H,5,6)(H2,7,8,9)"
"3-Phospho-D-glyceroyl phosphate","InChI=1S/C3H8O10P2/c4-2(1-12-14(6,7)8)3(5)13-15(9,10)11/h2,4H,1H2,(H2,6,7,8)(H2,9,10,11)"
"3-Phosphohydroxypyruvate","InChI=1S/C3H5O7P/c4-2(3(5)6)1-10-11(7,8)9/h1H2,(H,5,6)(H2,7,8,9)"
"4-(1-D-Ribitylamino)-5-aminouracil","InChI=1S/C9H16N4O6/c10-5-7(12-9(19)13-8(5)18)11-1-3(15)6(17)4(16)2-14/h3-4,6,14-17H,1-2,10H2,(H3,11,12,13,18,19)"
"4-(cytidine 5'-diphospho)-2-C-methyl-D-erythritol","InChI=1S/C14H25N3O14P2/c1-14(23,6-18)8(19)5-29-33(26,27)31-32(24,25)28-4-7-10(20)11(21)12(30-7)17-3-2-9(15)16-13(17)22/h2-3,7-8,10-12,18-21,23H,4-6H2,1H3,(H,24,25)(H,26,27)(H2,15,16,22)"
"4-Aminobenzoate","InChI=1S/C7H7NO2/c8-6-3-1-5(2-4-6)7(9)10/h1-4H,8H2,(H,9,10)"
"4-Aminobutanoate","InChI=1S/C4H9NO2/c5-3-1-2-4(6)7/h1-3,5H2,(H,6,7)"
"4-Imidazolone-5-propanoate","InChI=1S/C6H7N2O3/c9-5(10)2-1-4-6(11)8-3-7-4/h3H,1-2H2,(H,9,10)(H,7,8,11)/q-1"
"4-Methyl-2-oxopentanoate","InChI=1S/C6H10O3/c1-4(2)3-5(7)6(8)9/h4H,3H2,1-2H3,(H,8,9)"
"4-Phospho-L-aspartate","InChI=1S/C4H8NO7P/c5-2(4(7)8)1-3(6)12-13(9,10)11/h2H,1,5H2,(H,7,8)(H2,9,10,11)"
"4-amino-4-deoxychorismate","InChI=1S/C10H11NO5/c1-5(9(12)13)16-8-4-6(10(14)15)2-3-7(8)11/h2-4,7-8H,1,11H2,(H,12,13)(H,14,15)"
"5 Dehydro 4 deoxy D glucarate C6H6O7","InChI=1S/C6H8O7/c7-2(4(9)6(12)13)1-3(8)5(10)11/h2,4,7,9H,1H2,(H,10,11)(H,12,13)"
"5,10-Methenyltetrahydrofolate","InChI=1S/C20H21N7O6/c21-20-24-16-15(18(31)25-20)27-9-26(8-12(27)7-22-16)11-3-1-10(2-4-11)17(30)23-13(19(32)33)5-6-14(28)29/h1-4,9,12-13H,5-8H2,(H6-,21,22,23,24,25,28,29,30,31,32,33)/p+1"
"5,10-Methylenetetrahydrofolate","InChI=1S/C20H23N7O6/c21-20-24-16-15(18(31)25-20)27-9-26(8-12(27)7-22-16)11-3-1-10(2-4-11)17(30)23-13(19(32)33)5-6-14(28)29/h1-4,12-13H,5-9H2,(H,23,30)(H,28,29)(H,32,33)(H4,21,22,24,25,31)"
"5,6,7,8-Tetrahydrofolate","InChI=1S/C19H23N7O6/c20-19-25-15-14(17(30)26-19)23-11(8-22-15)7-21-10-3-1-9(2-4-10)16(29)24-12(18(31)32)5-6-13(27)28/h1-4,11-12,21,23H,5-8H2,(H,24,29)(H,27,28)(H,31,32)(H4,20,22,25,26,30)"
"5-Amino-1-(5-Phospho-D-ribosyl)imidazole-4-carboxamide","InChI=1S/C9H15N4O8P/c10-7-4(8(11)16)12-2-13(7)9-6(15)5(14)3(21-9)1-20-22(17,18)19/h2-3,5-6,9,14-15H,1,10H2,(H2,11,16)(H2,17,18,19)"
"5-Amino-6-(5'-phosphoribitylamino)uracil","InChI=1S/C9H17N4O9P/c10-5-7(12-9(18)13-8(5)17)11-1-3(14)6(16)4(15)2-22-23(19,20)21/h3-4,6,14-16H,1-2,10H2,(H2,19,20,21)(H3,11,12,13,17,18)"
"5-Amino-6-(5'-phosphoribosylamino)uracil","InChI=1S/C9H15N4O9P/c10-3-6(12-9(17)13-7(3)16)11-8-5(15)4(14)2(22-8)1-21-23(18,19)20/h2,4-5,8,14-15H,1,10H2,(H2,18,19,20)(H3,11,12,13,16,17)"
"5-Formamido-1-(5-phospho-D-ribosyl)imidazole-4-carboxamide","InChI=1S/C10H15N4O9P/c11-8(18)5-9(13-3-15)14(2-12-5)10-7(17)6(16)4(23-10)1-22-24(19,20)21/h2-4,6-7,10,16-17H,1H2,(H2,11,18)(H,13,15)(H2,19,20,21)"
"5-Methylcytosine","InChI=1S/C5H7N3O/c1-3-2-7-5(9)8-4(3)6/h2H,1H3,(H3,6,7,8,9)"
"5-Methyltetrahydrofolate","InChI=1S/C20H25N7O6/c1-27-12(9-23-16-15(27)18(31)26-20(21)25-16)8-22-11-4-2-10(3-5-11)17(30)24-13(19(32)33)6-7-14(28)29/h2-5,12-13,22H,6-9H2,1H3,(H,24,30)(H,28,29)(H,32,33)(H4,21,23,25,26,31)"
"5-Methylthio-5-deoxy-D-ribose 1-phosphate","InChI=1S/C6H13O7PS/c1-15-2-3-4(7)5(8)6(12-3)13-14(9,10)11/h3-8H,2H2,1H3,(H2,9,10,11)"
"5-Methylthio-5-deoxy-D-ribulose 1-phosphate","InChI=1S/C6H13O7PS/c1-15-3-5(8)6(9)4(7)2-13-14(10,11)12/h5-6,8-9H,2-3H2,1H3,(H2,10,11,12)"
"5-Methylthio-D-ribose","InChI=1S/C6H12O4S/c1-11-3-5(9)6(10)4(8)2-7/h2,4-6,8-10H,3H2,1H3"
"5-Methylthioadenosine","InChI=1S/C11H15N5O3S/c1-20-2-5-7(17)8(18)11(19-5)16-4-15-6-9(12)13-3-14-10(6)16/h3-5,7-8,11,17-18H,2H2,1H3,(H2,12,13,14)"
"5-O-(1-Carboxyvinyl)-3-phosphoshikimate","InChI=1S/C10H13O10P/c1-4(9(12)13)19-6-2-5(10(14)15)3-7(8(6)11)20-21(16,17)18/h3,6-8,11H,1-2H2,(H,12,13)(H,14,15)(H2,16,17,18)"
"5-Phospho-alpha-D-ribose 1-diphosphate","InChI=1S/C5H13O14P3/c6-3-2(1-16-20(8,9)10)17-5(4(3)7)18-22(14,15)19-21(11,12)13/h2-7H,1H2,(H,14,15)(H2,8,9,10)(H2,11,12,13)"
"5-Phospho-beta-D-ribosylamine","InChI=1S/C5H12NO7P/c6-5-4(8)3(7)2(13-5)1-12-14(9,10)11/h2-5,7-8H,1,6H2,(H2,9,10,11)"
"5-[(5-phospho-1-deoxyribulos-1-ylamino)methylideneamino]-1-(5-phosphoribosyl)imidazole-4-carboxamide","InChI=1S/C15H25N5O15P2/c16-13(26)9-14(18-4-17-1-6(21)10(23)7(22)2-33-36(27,28)29)20(5-19-9)15-12(25)11(24)8(35-15)3-34-37(30,31)32/h4-5,7-8,10-12,15,22-25H,1-3H2,(H2,16,26)(H,17,18)(H2,27,28,29)(H2,30,31,32)"
"5-amino-1-(5-phospho-D-ribosyl)imidazole","InChI=1S/C8H14N3O7P/c9-5-1-10-3-11(5)8-7(13)6(12)4(18-8)2-17-19(14,15)16/h1,3-4,6-8,12-13H,2,9H2,(H2,14,15,16)"
"5-amino-1-(5-phospho-D-ribosyl)imidazole-4-carboxylate","InChI=1S/C9H14N3O9P/c10-7-4(9(15)16)11-2-12(7)8-6(14)5(13)3(21-8)1-20-22(17,18)19/h2-3,5-6,8,13-14H,1,10H2,(H,15,16)(H2,17,18,19)"
"6,7-Dimethyl-8-(1-D-ribityl)lumazine","InChI=1S/C13H18N4O6/c1-5-6(2)17(3-7(19)10(21)8(20)4-18)11-9(14-5)12(22)16-13(23)15-11/h7-8,10,18-21H,3-4H2,1-2H3,(H,16,22,23)"
"6-Phospho-D-gluconate","InChI=1S/C6H13O10P/c7-2(1-16-17(13,14)15)3(8)4(9)5(10)6(11)12/h2-5,7-10H,1H2,(H,11,12)(H2,13,14,15)"
"6-Phospho-beta-D-glucosyl-(1,4)-D-glucose","InChI=1S/C12H23O14P/c13-1-3-10(7(16)8(17)11(19)24-3)26-12-9(18)6(15)5(14)4(25-12)2-23-27(20,21)22/h3-19H,1-2H2,(H2,20,21,22)"
"6-phospho-D-glucono-1,5-lactone","InChI=1S/C6H11O9P/c7-3-2(1-14-16(11,12)13)15-6(10)5(9)4(3)8/h2-5,7-9H,1H2,(H2,11,12,13)"
"7,8-Dihydrofolate","InChI=1S/C19H21N7O6/c20-19-25-15-14(17(30)26-19)23-11(8-22-15)7-21-10-3-1-9(2-4-10)16(29)24-12(18(31)32)5-6-13(27)28/h1-4,12,21H,5-8H2,(H,24,29)(H,27,28)(H,31,32)(H4,20,22,25,26,30)"
"ADP C10H12N5O10P2","InChI=1S/C10H15N5O10P2/c11-8-5-9(13-2-12-8)15(3-14-5)10-7(17)6(16)4(24-10)1-23-27(21,22)25-26(18,19)20/h2-4,6-7,10,16-17H,1H2,(H,21,22)(H2,11,12,13)(H2,18,19,20)"
"ADPglucose C16H23N5O15P2","InChI=1S/C16H25N5O15P2/c17-13-7-14(19-3-18-13)21(4-20-7)15-11(26)9(24)6(33-15)2-32-37(28,29)36-38(30,31)35-16-12(27)10(25)8(23)5(1-22)34-16/h3-6,8-12,15-16,22-27H,1-2H2,(H,28,29)(H,30,31)(H2,17,18,19)"
"AMP C10H12N5O7P","InChI=1S/C10H14N5O7P/c11-8-5-9(13-2-12-8)15(3-14-5)10-7(17)6(16)4(22-10)1-21-23(18,19)20/h2-4,6-7,10,16-17H,1H2,(H2,11,12,13)(H2,18,19,20)"
"ATP C10H12N5O13P3","InChI=1S/C10H16N5O13P3/c11-8-5-9(13-2-12-8)15(3-14-5)10-7(17)6(16)4(26-10)1-25-30(21,22)28-31(23,24)27-29(18,19)20/h2-4,6-7,10,16-17H,1H2,(H,21,22)(H,23,24)(H2,11,12,13)(H2,18,19,20)"
"Acetaldehyde","InChI=1S/C2H4O/c1-2-3/h2H,1H3"
"Acetate","InChI=1S/C2H4O2/c1-2(3)4/h1H3,(H,3,4)"
"Acetoacetate","InChI=1S/C4H6O3/c1-3(5)2-4(6)7/h2H2,1H3,(H,6,7)"
"Acetoacetyl-CoA","InChI=1S/C25H40N7O18P3S/c1-13(33)8-16(35)54-7-6-27-15(34)4-5-28-23(38)20(37)25(2,3)10-47-53(44,45)50-52(42,43)46-9-14-19(49-51(39,40)41)18(36)24(48-14)32-12-31-17-21(26)29-11-30-22(17)32/h11-12,14,18-20,24,36-37H,4-10H2,1-3H3,(H,27,34)(H,28,38)(H,42,43)(H,44,45)(H2,26,29,30)(H2,39,40,41)"
"Acetyl phosphate","InChI=1S/C2H5O5P/c1-2(3)7-8(4,5)6/h1H3,(H2,4,5,6)"
"Acetyl-CoA","InChI=1S/C23H38N7O17P3S/c1-12(31)51-7-6-25-14(32)4-5-26-21(35)18(34)23(2,3)9-44-50(41,42)47-49(39,40)43-8-13-17(46-48(36,37)38)16(33)22(45-13)30-11-29-15-19(24)27-10-28-20(15)30/h10-11,13,16-18,22,33-34H,4-9H2,1-3H3,(H,25,32)(H,26,35)(H,39,40)(H,41,42)(H2,24,27,28)(H2,36,37,38)"
"Adenine","InChI=1S/C5H5N5/c6-4-3-5(9-1-7-3)10-2-8-4/h1-2H,(H3,6,7,8,9,10)"
"Adenosine","InChI=1S/C10H13N5O4/c11-8-5-9(13-2-12-8)15(3-14-5)10-7(18)6(17)4(1-16)19-10/h2-4,6-7,10,16-18H,1H2,(H2,11,12,13)"
"Adenosine 5'-phosphosulfate","InChI=1S/C10H14N5O10PS/c11-8-5-9(13-2-12-8)15(3-14-5)10-7(17)6(16)4(24-10)1-23-26(18,19)25-27(20,21)22/h2-4,6-7,10,16-17H,1H2,(H,18,19)(H2,11,12,13)(H,20,21,22)"
"Agmatine","InChI=1S/C5H14N4/c6-3-1-2-4-9-5(7)8/h1-4,6H2,(H4,7,8,9)"
"All trans Hexaprenyl diphosphate C30H49O7P2","InChI=1S/C30H52O7P2/c1-25(2)13-8-14-26(3)15-9-16-27(4)17-10-18-28(5)19-11-20-29(6)21-12-22-30(7)23-24-36-39(34,35)37-38(31,32)33/h13,15,17,19,21,23H,8-12,14,16,18,20,22,24H2,1-7H3,(H,34,35)(H2,31,32,33)"
"All trans Pentaprenyl diphosphate C25H41O7P2","InChI=1S/C25H44O7P2/c1-21(2)11-7-12-22(3)13-8-14-23(4)15-9-16-24(5)17-10-18-25(6)19-20-31-34(29,30)32-33(26,27)28/h11,13,15,17,19H,7-10,12,14,16,18,20H2,1-6H3,(H,29,30)(H2,26,27,28)"
"All-trans-Heptaprenyl diphosphate","InChI=1S/C35H60O7P2/c1-29(2)15-9-16-30(3)17-10-18-31(4)19-11-20-32(5)21-12-22-33(6)23-13-24-34(7)25-14-26-35(8)27-28-41-44(39,40)42-43(36,37)38/h15,17,19,21,23,25,27H,9-14,16,18,20,22,24,26,28H2,1-8H3,(H,39,40)(H2,36,37,38)"
"Allantoate","InChI=1S/C4H8N4O4/c5-3(11)7-1(2(9)10)8-4(6)12/h1H,(H,9,10)(H3,5,7,11)(H3,6,8,12)"
"Allantoin","InChI=1S/C4H6N4O3/c5-3(10)6-1-2(9)8-4(11)7-1/h1H,(H3,5,6,10)(H2,7,8,9,11)"
"Alpha,alpha'-Trehalose 6-phosphate","InChI=1S/C12H23O14P/c13-1-3-5(14)7(16)9(18)11(24-3)26-12-10(19)8(17)6(15)4(25-12)2-23-27(20,21)22/h3-19H,1-2H2,(H2,20,21,22)"
"Alpha-D-Galactose 1-phosphate","InChI=1S/C6H13O9P/c7-1-2-3(8)4(9)5(10)6(14-2)15-16(11,12)13/h2-10H,1H2,(H2,11,12,13)"
"Alpha-D-Ribose 1-phosphate","InChI=1S/C5H11O8P/c6-1-2-3(7)4(8)5(12-2)13-14(9,10)11/h2-8H,1H2,(H2,9,10,11)"
"Alpha-D-Ribose 5-phosphate","InChI=1S/C5H11O8P/c6-3-2(1-12-14(9,10)11)13-5(8)4(3)7/h2-8H,1H2,(H2,9,10,11)"
"Aminoacetaldehyde C2H5NO","InChI=1S/C2H5NO/c3-1-2-4/h2H,1,3H2"
"Ammonium","InChI=1S/H3N/h1H3"
"Anteiso C150 CoA C36H60N7O17P3S1",""
"Anteiso C170 CoA C38H64N7O17P3S1",""
"Anthranilate","InChI=1S/C7H7NO2/c8-6-4-2-1-3-5(6)7(9)10/h1-4H,8H2,(H,9,10)"
"Arbutin 6-phosphate","InChI=1S/C12H17O10P/c13-6-1-3-7(4-2-6)21-12-11(16)10(15)9(14)8(22-12)5-20-23(17,18)19/h1-4,8-16H,5H2,(H2,17,18,19)"
"Beta D Glucose 1 phosphate C6H11O9P","InChI=1S/C6H13O9P/c7-1-2-3(8)4(9)5(10)6(14-2)15-16(11,12)13/h2-10H,1H2,(H2,11,12,13)"
"Beta D glucose 6 phosphate C6H11O9P","InChI=1S/C6H13O9P/c7-3-2(1-14-16(11,12)13)15-6(10)5(9)4(3)8/h2-10H,1H2,(H2,11,12,13)"
"Beta-Alanine","InChI=1S/C3H7NO2/c4-2-1-3(5)6/h1-2,4H2,(H,5,6)"
"Betaine aldehyde","InChI=1S/C5H12NO/c1-6(2,3)4-5-7/h5H,4H2,1-3H3/q+1"
"Bicarbonate","InChI=1S/CH2O3/c2-1(3)4/h(H2,2,3,4)"
"Butanal C4H8O","InChI=1S/C4H8O/c1-2-3-4-5/h4H,2-3H2,1H3"
"Butanesulfonate C4H9O3S",""
"Butanoyl phosphate","InChI=1S/C4H9O5P/c1-2-3-4(5)9-10(6,7)8/h2-3H2,1H3,(H2,6,7,8)"
"Butanoyl-CoA","InChI=1S/C25H42N7O17P3S/c1-4-5-16(34)53-9-8-27-15(33)6-7-28-23(37)20(36)25(2,3)11-46-52(43,44)49-51(41,42)45-10-14-19(48-50(38,39)40)18(35)24(47-14)32-13-31-17-21(26)29-12-30-22(17)32/h12-14,18-20,24,35-36H,4-11H2,1-3H3,(H,27,33)(H,28,37)(H,41,42)(H,43,44)(H2,26,29,30)(H2,38,39,40)"
"Butyrate (n-C4:0)",""
"C'-(3-Indolyl)-glycerol 3-phosphate","InChI=1S/C11H14NO6P/c13-10(6-18-19(15,16)17)11(14)8-5-12-9-4-2-1-3-7(8)9/h1-5,10-14H,6H2,(H2,15,16,17)"
"CDP C9H12N3O11P2","InChI=1S/C9H15N3O11P2/c10-5-1-2-12(9(15)11-5)8-7(14)6(13)4(22-8)3-21-25(19,20)23-24(16,17)18/h1-2,4,6-8,13-14H,3H2,(H,19,20)(H2,10,11,15)(H2,16,17,18)"
"CDPdiacylglycerol  B subtilis  C4336H7772N300O1500P200",""
"CDPglycerol C12H19N3O13P2","InChI=1S/C12H21N3O13P2/c13-8-1-2-15(12(20)14-8)11-10(19)9(18)7(27-11)5-26-30(23,24)28-29(21,22)25-4-6(17)3-16/h1-2,6-7,9-11,16-19H,3-5H2,(H,21,22)(H,23,24)(H2,13,14,20)"
"CMP C9H12N3O8P","InChI=1S/C9H14N3O8P/c10-5-1-2-12(9(15)11-5)8-7(14)6(13)4(20-8)3-19-21(16,17)18/h1-2,4,6-8,13-14H,3H2,(H2,10,11,15)(H2,16,17,18)"
"CO2 CO2","InChI=1S/CO2/c2-1-3"
"CTP C9H12N3O14P3","InChI=1S/C9H16N3O14P3/c10-5-1-2-12(9(15)11-5)8-7(14)6(13)4(24-8)3-23-28(19,20)26-29(21,22)25-27(16,17)18/h1-2,4,6-8,13-14H,3H2,(H,19,20)(H,21,22)(H2,10,11,15)(H2,16,17,18)"
"Calcium","InChI=1S/Ca/q+2"
"Carbamoyl phosphate","InChI=1S/CH4NO5P/c2-1(3)7-8(4,5)6/h(H2,2,3)(H2,4,5,6)"
"Cardiolipin  B subtilis  C7172H13744O1700P200",""
"Choline C5H14NO","InChI=1S/C5H14NO/c1-6(2,3)4-5-7/h7H,4-5H2,1-3H3/q+1"
"Chorismate","InChI=1S/C10H10O6/c1-5(9(12)13)16-8-4-6(10(14)15)2-3-7(8)11/h2-4,7-8,11H,1H2,(H,12,13)(H,14,15)"
"Citrate","InChI=1S/C6H8O7/c7-3(8)1-6(13,5(11)12)2-4(9)10/h13H,1-2H2,(H,7,8)(H,9,10)(H,11,12)"
"Coenzyme A","InChI=1S/C21H36N7O16P3S/c1-21(2,16(31)19(32)24-4-3-12(29)23-5-6-48)8-41-47(38,39)44-46(36,37)40-7-11-15(43-45(33,34)35)14(30)20(42-11)28-10-27-13-17(22)25-9-26-18(13)28/h9-11,14-16,20,30-31,48H,3-8H2,1-2H3,(H,23,29)(H,24,32)(H,36,37)(H,38,39)(H2,22,25,26)(H2,33,34,35)"
"Crotonoyl-CoA","InChI=1S/C25H40N7O17P3S/c1-4-5-16(34)53-9-8-27-15(33)6-7-28-23(37)20(36)25(2,3)11-46-52(43,44)49-51(41,42)45-10-14-19(48-50(38,39)40)18(35)24(47-14)32-13-31-17-21(26)29-12-30-22(17)32/h4-5,12-14,18-20,24,35-36H,6-11H2,1-3H3,(H,27,33)(H,28,37)(H,41,42)(H,43,44)(H2,26,29,30)(H2,38,39,40)"
"Cytidine","InChI=1S/C9H13N3O5/c10-5-1-2-12(9(16)11-5)8-7(15)6(14)4(3-13)17-8/h1-2,4,6-8,13-15H,3H2,(H2,10,11,16)"
"Cytosine","InChI=1S/C4H5N3O/c5-3-1-2-6-4(8)7-3/h1-2H,(H3,5,6,7,8)"
"D Arabinose C5H10O5","InChI=1S/C5H10O5/c6-2-1-10-5(9)4(8)3(2)7/h2-9H,1H2"
"D Galactarate C6H8O8","InChI=1S/C6H10O8/c7-1(3(9)5(11)12)2(8)4(10)6(13)14/h1-4,7-10H,(H,11,12)(H,13,14)"
"D Gluconate C6H11O7","InChI=1S/C6H12O7/c7-1-2(8)3(9)4(10)5(11)6(12)13/h2-5,7-11H,1H2,(H,12,13)"
"D-Alanine","InChI=1S/C3H7NO2/c1-2(4)3(5)6/h2H,4H2,1H3,(H,5,6)"
"D-Alanyl-D-alanine","InChI=1S/C6H12N2O3/c1-3(7)5(9)8-4(2)6(10)11/h3-4H,7H2,1-2H3,(H,8,9)(H,10,11)"
"D-Altronate","InChI=1S/C6H12O7/c7-1-2(8)3(9)4(10)5(11)6(12)13/h2-5,7-11H,1H2,(H,12,13)"
"D-Erythrose 4-phosphate","InChI=1S/C4H9O7P/c5-1-3(6)4(7)2-11-12(8,9)10/h1,3-4,6-7H,2H2,(H2,8,9,10)"
"D-Fructose","InChI=1S/C6H12O6/c7-1-3-4(9)5(10)6(11,2-8)12-3/h3-5,7-11H,1-2H2"
"D-Fructose 1,6-bisphosphate","InChI=1S/C6H14O12P2/c7-4-3(1-16-19(10,11)12)18-6(9,5(4)8)2-17-20(13,14)15/h3-5,7-9H,1-2H2,(H2,10,11,12)(H2,13,14,15)"
"D-Fructose 1-phosphate","InChI=1S/C6H13O9P/c7-1-3-4(8)5(9)6(10,15-3)2-14-16(11,12)13/h3-5,7-10H,1-2H2,(H2,11,12,13)"
"D-Fructose 6-phosphate","InChI=1S/C6H13O9P/c7-2-6(10)5(9)4(8)3(15-6)1-14-16(11,12)13/h3-5,7-10H,1-2H2,(H2,11,12,13)"
"D-Fructuronate","InChI=1S/C6H10O7/c7-1-6(12)4(9)2(8)3(13-6)5(10)11/h2-4,7-9,12H,1H2,(H,10,11)"
"D-Galactose","InChI=1S/C6H12O6/c7-1-2-3(8)4(9)5(10)6(11)12-2/h2-11H,1H2"
"D-Galacturonate","InChI=1S/C6H10O7/c7-1-2(8)4(5(10)11)13-6(12)3(1)9/h1-4,6-9,12H,(H,10,11)"
"D-Glucarate","InChI=1S/C6H10O8/c7-1(3(9)5(11)12)2(8)4(10)6(13)14/h1-4,7-10H,(H,11,12)(H,13,14)"
"D-Glucosamine 1-phosphate","InChI=1S/C6H14NO8P/c7-3-5(10)4(9)2(1-8)14-6(3)15-16(11,12)13/h2-6,8-10H,1,7H2,(H2,11,12,13)"
"D-Glucosamine 6-phosphate","InChI=1S/C6H14NO8P/c7-3-5(9)4(8)2(15-6(3)10)1-14-16(11,12)13/h2-6,8-10H,1,7H2,(H2,11,12,13)"
"D-Glucose","InChI=1S/C6H12O6/c7-1-2-3(8)4(9)5(10)6(11)12-2/h2-11H,1H2"
"D-Glucose 1-phosphate","InChI=1S/C6H13O9P/c7-1-2-3(8)4(9)5(10)6(14-2)15-16(11,12)13/h2-10H,1H2,(H2,11,12,13)"
"D-Glucose 6-phosphate","InChI=1S/C6H13O9P/c7-3-2(1-14-16(11,12)13)15-6(10)5(9)4(3)8/h2-10H,1H2,(H2,11,12,13)"
"D-Glucuronate","InChI=1S/C6H10O7/c7-1-2(8)4(5(10)11)13-6(12)3(1)9/h1-4,6-9,12H,(H,10,11)"
"D-Glutamate","InChI=1S/C5H9NO4/c6-3(5(9)10)1-2-4(7)8/h3H,1-2,6H2,(H,7,8)(H,9,10)"
"D-Glyceraldehyde","InChI=1S/C3H6O3/c4-1-3(6)2-5/h1,3,5-6H,2H2"
"D-Glycerate 2-phosphate","InChI=1S/C3H7O7P/c4-1-2(3(5)6)10-11(7,8)9/h2,4H,1H2,(H,5,6)(H2,7,8,9)"
"D-Malate","InChI=1S/C4H6O5/c5-2(4(8)9)1-3(6)7/h2,5H,1H2,(H,6,7)(H,8,9)"
"D-Mannitol 1-phosphate","InChI=1S/C6H15O9P/c7-1-3(8)5(10)6(11)4(9)2-15-16(12,13)14/h3-11H,1-2H2,(H2,12,13,14)"
"D-Mannonate","InChI=1S/C6H12O7/c7-1-2(8)3(9)4(10)5(11)6(12)13/h2-5,7-11H,1H2,(H,12,13)"
"D-Mannose 1-phosphate","InChI=1S/C6H13O9P/c7-1-2-3(8)4(9)5(10)6(14-2)15-16(11,12)13/h2-10H,1H2,(H2,11,12,13)"
"D-Mannose 6-phosphate","InChI=1S/C6H13O9P/c7-3-2(1-14-16(11,12)13)15-6(10)5(9)4(3)8/h2-10H,1H2,(H2,11,12,13)"
"D-O-Phosphoserine","InChI=1S/C3H8NO6P/c4-2(3(5)6)1-10-11(7,8)9/h2H,1,4H2,(H,5,6)(H2,7,8,9)"
"D-Ribose","InChI=1S/C5H10O5/c6-1-2-3(7)4(8)5(9)10-2/h2-9H,1H2"
"D-Ribulose","InChI=1S/C5H10O5/c6-1-3(8)5(10)4(9)2-7/h3,5-8,10H,1-2H2"
"D-Ribulose 5-phosphate","InChI=1S/C5H11O8P/c6-1-3(7)5(9)4(8)2-13-14(10,11)12/h4-6,8-9H,1-2H2,(H2,10,11,12)"
"D-Serine","InChI=1S/C3H7NO3/c4-2(1-5)3(6)7/h2,5H,1,4H2,(H,6,7)"
"D-Sorbitol","InChI=1S/C6H14O6/c7-1-3(9)5(11)6(12)4(10)2-8/h3-12H,1-2H2"
"D-Tagatose 1,6-biphosphate","InChI=1S/C6H14O12P2/c7-4-3(1-16-19(10,11)12)18-6(9,5(4)8)2-17-20(13,14)15/h3-5,7-9H,1-2H2,(H2,10,11,12)(H2,13,14,15)"
"D-Tagatose 6-phosphate","InChI=1S/C6H13O9P/c7-2-6(10)5(9)4(8)3(15-6)1-14-16(11,12)13/h3-5,7-10H,1-2H2,(H2,11,12,13)"
"D-Tagaturonate","InChI=1S/C6H10O7/c7-1-2(8)3(9)4(10)5(11)6(12)13/h3-5,7,9-11H,1H2,(H,12,13)"
"D-Xylose","InChI=1S/C5H10O5/c6-2-1-10-5(9)4(8)3(2)7/h2-9H,1H2"
"D-Xylulose","InChI=1S/C5H10O5/c6-1-3(8)5(10)4(9)2-7/h3,5-8,10H,1-2H2"
"D-Xylulose 5-phosphate","InChI=1S/C5H11O8P/c6-1-3(7)5(9)4(8)2-13-14(10,11)12/h4-6,8-9H,1-2H2,(H2,10,11,12)"
"D-erythro-1-(Imidazol-4-yl)glycerol 3-phosphate","InChI=1S/C6H11N2O6P/c9-5(2-14-15(11,12)13)6(10)4-1-7-3-8-4/h1,3,5-6,9-10H,2H2,(H,7,8)(H2,11,12,13)"
"DADP C10H12N5O9P2","InChI=1S/C10H15N5O9P2/c11-9-8-10(13-3-12-9)15(4-14-8)7-1-5(16)6(23-7)2-22-26(20,21)24-25(17,18)19/h3-7,16H,1-2H2,(H,20,21)(H2,11,12,13)(H2,17,18,19)"
"DAMP C10H12N5O6P","InChI=1S/C10H14N5O6P/c11-9-8-10(13-3-12-9)15(4-14-8)7-1-5(16)6(21-7)2-20-22(17,18)19/h3-7,16H,1-2H2,(H2,11,12,13)(H2,17,18,19)"
"DATP C10H12N5O12P3","InChI=1S/C10H16N5O12P3/c11-9-8-10(13-3-12-9)15(4-14-8)7-1-5(16)6(25-7)2-24-29(20,21)27-30(22,23)26-28(17,18)19/h3-7,16H,1-2H2,(H,20,21)(H,22,23)(H2,11,12,13)(H2,17,18,19)"
"DCDP C9H12N3O10P2","InChI=1S/C9H15N3O10P2/c10-7-1-2-12(9(14)11-7)8-3-5(13)6(21-8)4-20-24(18,19)22-23(15,16)17/h1-2,5-6,8,13H,3-4H2,(H,18,19)(H2,10,11,14)(H2,15,16,17)"
"DCMP C9H12N3O7P","InChI=1S/C9H14N3O7P/c10-7-1-2-12(9(14)11-7)8-3-5(13)6(19-8)4-18-20(15,16)17/h1-2,5-6,8,13H,3-4H2,(H2,10,11,14)(H2,15,16,17)"
"DCTP C9H12N3O13P3","InChI=1S/C9H16N3O13P3/c10-7-1-2-12(9(14)11-7)8-3-5(13)6(23-8)4-22-27(18,19)25-28(20,21)24-26(15,16)17/h1-2,5-6,8,13H,3-4H2,(H,18,19)(H,20,21)(H2,10,11,14)(H2,15,16,17)"
"DGDP C10H12N5O10P2","InChI=1S/C10H15N5O10P2/c11-10-13-8-7(9(17)14-10)12-3-15(8)6-1-4(16)5(24-6)2-23-27(21,22)25-26(18,19)20/h3-6,16H,1-2H2,(H,21,22)(H2,18,19,20)(H3,11,13,14,17)"
"DGMP C10H12N5O7P","InChI=1S/C10H14N5O7P/c11-10-13-8-7(9(17)14-10)12-3-15(8)6-1-4(16)5(22-6)2-21-23(18,19)20/h3-6,16H,1-2H2,(H2,18,19,20)(H3,11,13,14,17)"
"DGTP C10H12N5O13P3","InChI=1S/C10H16N5O13P3/c11-10-13-8-7(9(17)14-10)12-3-15(8)6-1-4(16)5(26-6)2-25-30(21,22)28-31(23,24)27-29(18,19)20/h3-6,16H,1-2H2,(H,21,22)(H,23,24)(H2,18,19,20)(H3,11,13,14,17)"
"DTDP C10H13N2O11P2","InChI=1S/C10H16N2O11P2/c1-5-3-12(10(15)11-9(5)14)8-2-6(13)7(22-8)4-21-25(19,20)23-24(16,17)18/h3,6-8,13H,2,4H2,1H3,(H,19,20)(H,11,14,15)(H2,16,17,18)"
"DTMP C10H13N2O8P","InChI=1S/C10H15N2O8P/c1-5-3-12(10(15)11-9(5)14)8-2-6(13)7(20-8)4-19-21(16,17)18/h3,6-8,13H,2,4H2,1H3,(H,11,14,15)(H2,16,17,18)"
"DTTP C10H13N2O14P3","InChI=1S/C10H17N2O14P3/c1-5-3-12(10(15)11-9(5)14)8-2-6(13)7(24-8)4-23-28(19,20)26-29(21,22)25-27(16,17)18/h3,6-8,13H,2,4H2,1H3,(H,19,20)(H,21,22)(H,11,14,15)(H2,16,17,18)"
"DUDP C9H11N2O11P2","InChI=1S/C9H14N2O11P2/c12-5-3-8(11-2-1-7(13)10-9(11)14)21-6(5)4-20-24(18,19)22-23(15,16)17/h1-2,5-6,8,12H,3-4H2,(H,18,19)(H,10,13,14)(H2,15,16,17)"
"DUMP C9H11N2O8P","InChI=1S/C9H13N2O8P/c12-5-3-8(11-2-1-7(13)10-9(11)14)19-6(5)4-18-20(15,16)17/h1-2,5-6,8,12H,3-4H2,(H,10,13,14)(H2,15,16,17)"
"DUTP C9H11N2O14P3","InChI=1S/C9H15N2O14P3/c12-5-3-8(11-2-1-7(13)10-9(11)14)23-6(5)4-22-27(18,19)25-28(20,21)24-26(15,16)17/h1-2,5-6,8,12H,3-4H2,(H,18,19)(H,20,21)(H,10,13,14)(H2,15,16,17)"
"Deamino-NAD+","InChI=1S/C21H26N6O15P2/c22-17-12-18(24-7-23-17)27(8-25-12)20-16(31)14(29)11(41-20)6-39-44(36,37)42-43(34,35)38-5-10-13(28)15(30)19(40-10)26-3-1-2-9(4-26)21(32)33/h1-4,7-8,10-11,13-16,19-20,28-31H,5-6H2,(H4-,22,23,24,32,33,34,35,36,37)/p+1"
"Decanoyl CoA C31H50N7O17P3S","InChI=1S/C31H54N7O17P3S/c1-4-5-6-7-8-9-10-11-22(40)59-15-14-33-21(39)12-13-34-29(43)26(42)31(2,3)17-52-58(49,50)55-57(47,48)51-16-20-25(54-56(44,45)46)24(41)30(53-20)38-19-37-23-27(32)35-18-36-28(23)38/h18-20,24-26,30,41-42H,4-17H2,1-3H3,(H,33,39)(H,34,43)(H,47,48)(H,49,50)(H2,32,35,36)(H2,44,45,46)"
"Deoxyadenosine","InChI=1S/C10H13N5O3/c11-9-8-10(13-3-12-9)15(4-14-8)7-1-5(17)6(2-16)18-7/h3-7,16-17H,1-2H2,(H2,11,12,13)"
"Deoxycytidine","InChI=1S/C9H13N3O4/c10-7-1-2-12(9(15)11-7)8-3-5(14)6(4-13)16-8/h1-2,5-6,8,13-14H,3-4H2,(H2,10,11,15)"
"Deoxyguanosine","InChI=1S/C10H13N5O4/c11-10-13-8-7(9(18)14-10)12-3-15(8)6-1-4(17)5(2-16)19-6/h3-6,16-17H,1-2H2,(H3,11,13,14,18)"
"Deoxyribose C5H10O4","InChI=1S/C5H10O4/c6-2-4-3(7)1-5(8)9-4/h3-8H,1-2H2"
"Deoxyuridine","InChI=1S/C9H12N2O5/c12-4-6-5(13)3-8(16-6)11-2-1-7(14)10-9(11)15/h1-2,5-6,8,12-13H,3-4H2,(H,10,14,15)"
"Dextrin C12H20O10",""
"Diglucosyl 1 2 diacylglycerol C4636H8672O1500",""
"Dihydroneopterin","InChI=1S/C9H13N5O4/c10-9-13-7-5(8(18)14-9)12-3(1-11-7)6(17)4(16)2-15/h4,6,15-17H,1-2H2,(H4,10,11,13,14,18)"
"Dihydropteroate","InChI=1S/C14H14N6O3/c15-14-19-11-10(12(21)20-14)18-9(6-17-11)5-16-8-3-1-7(2-4-8)13(22)23/h1-4,16H,5-6H2,(H,22,23)(H4,15,17,19,20,21)"
"Dihydroxyacetone","InChI=1S/C3H6O3/c4-1-3(6)2-5/h4-5H,1-2H2"
"Dihydroxyacetone phosphate","InChI=1S/C3H7O6P/c4-1-3(5)2-9-10(6,7)8/h4H,1-2H2,(H2,6,7,8)"
"Dimethylallyl diphosphate","InChI=1S/C5H12O7P2/c1-5(2)3-4-11-14(9,10)12-13(6,7)8/h3H,4H2,1-2H3,(H,9,10)(H2,6,7,8)"
"Diphosphate","InChI=1S/H4O7P2/c1-8(2,3)7-9(4,5)6/h(H2,1,2,3)(H2,4,5,6)"
"Dodecanoyl CoA  n C120CoA  C33H54N7O17P3S",""
"Ethanesulfonate C2H5O3S","InChI=1S/C2H6O3S/c1-2-6(3,4)5/h2H2,1H3,(H,3,4,5)"
"Ethanol","InChI=1S/C2H6O/c1-2-3/h3H,2H2,1H3"
"Ethanolamine","InChI=1S/C2H7NO/c3-1-2-4/h4H,1-3H2"
"FMN C17H19N4O9P","InChI=1S/C17H21N4O9P/c1-7-3-9-10(4-8(7)2)21(15-13(18-9)16(25)20-17(26)19-15)5-11(22)14(24)12(23)6-30-31(27,28)29/h3-4,11-12,14,22-24H,5-6H2,1-2H3,(H3,20,25,26,27,28,29)/p+1"
"Farnesyl diphosphate","InChI=1S/C15H28O7P2/c1-13(2)7-5-8-14(3)9-6-10-15(4)11-12-21-24(19,20)22-23(16,17)18/h7,9,11H,5-6,8,10,12H2,1-4H3,(H,19,20)(H2,16,17,18)"
"Fatty acid (Anteiso-C15:0)",""
"Fatty acid (Anteiso-C17:0)",""
"Fatty acid (Iso-C14:0)",""
"Fatty acid (Iso-C15:0)",""
"Fatty acid (Iso-C17:0)",""
"Fatty acid (iso-C16:0)",""
"Ferricytochrome c C42H50FeN8O6S2",""
"Ferrocytochrome c C42H50FeN8O6S2",""
"Flavin adenine dinucleotide oxidized","InChI=1S/C27H33N9O15P2/c1-10-3-12-13(4-11(10)2)35(24-18(32-12)25(42)34-27(43)33-24)5-14(37)19(39)15(38)6-48-52(44,45)51-53(46,47)49-7-16-20(40)21(41)26(50-16)36-9-31-17-22(28)29-8-30-23(17)36/h3-4,8-9,14-16,19-21,26,37-41H,5-7H2,1-2H3,(H5,28,29,30,34,42,43,44,45,46,47)/p+1"
"Flavin adenine dinucleotide reduced","InChI=1S/C27H35N9O15P2/c1-10-3-12-13(4-11(10)2)35(24-18(32-12)25(42)34-27(43)33-24)5-14(37)19(39)15(38)6-48-52(44,45)51-53(46,47)49-7-16-20(40)21(41)26(50-16)36-9-31-17-22(28)29-8-30-23(17)36/h3-4,8-9,14-16,19-21,26,32,37-41H,5-7H2,1-2H3,(H,44,45)(H,46,47)(H2,28,29,30)(H2,33,34,42,43)"
"Flavin mononucleotide reduced C17H21N4O9P",""
"Folate","InChI=1S/C19H19N7O6/c20-19-25-15-14(17(30)26-19)23-11(8-22-15)7-21-10-3-1-9(2-4-10)16(29)24-12(18(31)32)5-6-13(27)28/h1-4,8,12,21H,5-7H2,(H,24,29)(H,27,28)(H,31,32)(H3,20,22,25,26,30)"
"Formaldehyde","InChI=1S/CH2O/c1-2/h1H2"
"Formamide","InChI=1S/CH3NO/c2-1-3/h1H,(H2,2,3)"
"Formate","InChI=1S/CH2O2/c2-1-3/h1H,(H,2,3)"
"Fumarate","InChI=1S/C4H4O4/c5-3(6)1-2-4(7)8/h1-2H,(H,5,6)(H,7,8)"
"GDP C10H12N5O11P2","InChI=1S/C10H15N5O11P2/c11-10-13-7-4(8(18)14-10)12-2-15(7)9-6(17)5(16)3(25-9)1-24-28(22,23)26-27(19,20)21/h2-3,5-6,9,16-17H,1H2,(H,22,23)(H2,19,20,21)(H3,11,13,14,18)"
"GMP C10H12N5O8P","InChI=1S/C10H14N5O8P/c11-10-13-7-4(8(18)14-10)12-2-15(7)9-6(17)5(16)3(23-9)1-22-24(19,20)21/h2-3,5-6,9,16-17H,1H2,(H2,19,20,21)(H3,11,13,14,18)"
"GTP C10H12N5O14P3","InChI=1S/C10H16N5O14P3/c11-10-13-7-4(8(18)14-10)12-2-15(7)9-6(17)5(16)3(27-9)1-26-31(22,23)29-32(24,25)28-30(19,20)21/h2-3,5-6,9,16-17H,1H2,(H,22,23)(H,24,25)(H2,19,20,21)(H3,11,13,14,18)"
"Galactitol 1-phosphate","InChI=1S/C6H15O9P/c7-1-3(8)5(10)6(11)4(9)2-15-16(12,13)14/h3-11H,1-2H2,(H2,12,13,14)"
"Geranyl diphosphate","InChI=1S/C10H20O7P2/c1-9(2)5-4-6-10(3)7-8-16-19(14,15)17-18(11,12)13/h5,7H,4,6,8H2,1-3H3,(H,14,15)(H2,11,12,13)"
"Geranylgeranyl diphosphate C20H33O7P2","InChI=1S/C20H36O7P2/c1-17(2)9-6-10-18(3)11-7-12-19(4)13-8-14-20(5)15-16-26-29(24,25)27-28(21,22)23/h9,11,13,15H,6-8,10,12,14,16H2,1-5H3,(H,24,25)(H2,21,22,23)"
"Glyceraldehyde 3-phosphate","InChI=1S/C3H7O6P/c4-1-3(5)2-9-10(6,7)8/h1,3,5H,2H2,(H2,6,7,8)"
"Glycerol","InChI=1S/C3H8O3/c4-1-3(6)2-5/h3-6H,1-2H2"
"Glycerol 3-phosphate","InChI=1S/C3H9O6P/c4-1-3(5)2-9-10(6,7)8/h3-5H,1-2H2,(H2,6,7,8)"
"Glycerol teichoic acid  n45   unlinked  D ala substituted C286H612N47O328P46",""
"Glycerol teichoic acid  n45   unlinked  glucose substituted C421H749N2O464P46",""
"Glycerol teichoic acid  n45   unlinked  unsubstituted C151H297N2O238P46",""
"Glycine","InChI=1S/C2H5NO2/c3-1-2(4)5/h1,3H2,(H,4,5)"
"Glycine betaine","InChI=1S/C5H11NO2/c1-6(2,3)4-5(7)8/h4H2,1-3H3/p+1"
"Glycogen C6H10O5",""
"Glycolaldehyde","InChI=1S/C2H4O2/c3-1-2-4/h1,4H,2H2"
"Glycolate C2H3O3","InChI=1S/C2H4O3/c3-1-2(4)5/h3H,1H2,(H,4,5)"
"Glyoxylate","InChI=1S/C2H2O3/c3-1-2(4)5/h1H,(H,4,5)"
"Guanine","InChI=1S/C5H5N5O/c6-5-9-3-2(4(11)10-5)7-1-8-3/h1H,(H4,6,7,8,9,10,11)"
"Guanosine","InChI=1S/C10H13N5O5/c11-10-13-7-4(8(19)14-10)12-2-15(7)9-6(18)5(17)3(1-16)20-9/h2-3,5-6,9,16-18H,1H2,(H3,11,13,14,19)"
"Guanosine 3  phosphate C10H12N5O8P","InChI=1S/C10H14N5O8P/c11-10-13-7-4(8(18)14-10)12-2-15(7)9-5(17)6(3(1-16)22-9)23-24(19,20)21/h2-3,5-6,9,16-17H,1H2,(H2,19,20,21)(H3,11,13,14,18)"
"H+","InChI=1S/p+1"
"H2O H2O","InChI=1S/H2O/h1H2"
"Hexadecanoate (n-C16:0)","InChI=1S/C16H32O2/c1-2-3-4-5-6-7-8-9-10-11-12-13-14-15-16(17)18/h2-15H2,1H3,(H,17,18)"
"Hexanoyl-CoA (n-C6:0CoA)",""
"Hydrogen peroxide","InChI=1S/H2O2/c1-2/h1-2H"
"Hydrogen sulfide","InChI=1S/H2S/h1H2"
"Hydroquinone","InChI=1S/C6H6O2/c7-5-1-2-6(8)4-3-5/h1-4,7-8H"
"Hydroxymethylglutaryl CoA C27H39N7O20P3S","InChI=1S/C27H44N7O20P3S/c1-26(2,21(40)24(41)30-5-4-15(35)29-6-7-58-17(38)9-27(3,42)8-16(36)37)11-51-57(48,49)54-56(46,47)50-10-14-20(53-55(43,44)45)19(39)25(52-14)34-13-33-18-22(28)31-12-32-23(18)34/h12-14,19-21,25,39-40,42H,4-11H2,1-3H3,(H,29,35)(H,30,41)(H,36,37)(H,46,47)(H,48,49)(H2,28,31,32)(H2,43,44,45)"
"Hypoxanthine","InChI=1S/C5H4N4O/c10-5-3-4(7-1-6-3)8-2-9-5/h1-2H,(H2,6,7,8,9,10)"
"IDP C10H11N4O11P2","InChI=1S/C10H14N4O11P2/c15-6-4(1-23-27(21,22)25-26(18,19)20)24-10(7(6)16)14-3-13-5-8(14)11-2-12-9(5)17/h2-4,6-7,10,15-16H,1H2,(H,21,22)(H,11,12,17)(H2,18,19,20)"
"IMP C10H11N4O8P","InChI=1S/C10H13N4O8P/c15-6-4(1-21-23(18,19)20)22-10(7(6)16)14-3-13-5-8(14)11-2-12-9(5)17/h2-4,6-7,10,15-16H,1H2,(H,11,12,17)(H2,18,19,20)"
"ITP C10H11N4O14P3","InChI=1S/C10H15N4O14P3/c15-6-4(1-25-30(21,22)28-31(23,24)27-29(18,19)20)26-10(7(6)16)14-3-13-5-8(14)11-2-12-9(5)17/h2-4,6-7,10,15-16H,1H2,(H,21,22)(H,23,24)(H,11,12,17)(H2,18,19,20)"
"Iminoaspartate","InChI=1S/C4H5NO4/c5-2(4(8)9)1-3(6)7/h5H,1H2,(H,6,7)(H,8,9)"
"Inorganic triphosphate","InChI=1S/H5O10P3/c1-11(2,3)9-13(7,8)10-12(4,5)6/h(H,7,8)(H2,1,2,3)(H2,4,5,6)"
"Inosine","InChI=1S/C10H12N4O5/c15-1-4-6(16)7(17)10(19-4)14-3-13-5-8(14)11-2-12-9(5)18/h2-4,6-7,10,15-17H,1H2,(H,11,12,18)"
"Iron (Fe3+)","InChI=1S/Fe/q+3"
"Isethionate C2H5O4S","InChI=1S/C2H6O4S/c3-1-2-7(4,5)6/h3H,1-2H2,(H,4,5,6)"
"Iso C140 CoA C35H58N7O17P3S1",""
"Iso C150 CoA C36H60N7O17P3S1",""
"Iso C160 CoA C37H62N7O17P3S1",""
"Iso C170 CoA C38H64N7O17P3S1",""
"Isobutyryl-CoA","InChI=1S/C25H42N7O17P3S/c1-13(2)24(37)53-8-7-27-15(33)5-6-28-22(36)19(35)25(3,4)10-46-52(43,44)49-51(41,42)45-9-14-18(48-50(38,39)40)17(34)23(47-14)32-12-31-16-20(26)29-11-30-21(16)32/h11-14,17-19,23,34-35H,5-10H2,1-4H3,(H,27,33)(H,28,36)(H,41,42)(H,43,44)(H2,26,29,30)(H2,38,39,40)"
"Isochorismate","InChI=1S/C10H10O6/c1-5(9(12)13)16-7-4-2-3-6(8(7)11)10(14)15/h2-4,7-8,11H,1H2,(H,12,13)(H,14,15)"
"Isocitrate","InChI=1S/C6H8O7/c7-3(8)1-2(5(10)11)4(9)6(12)13/h2,4,9H,1H2,(H,7,8)(H,10,11)(H,12,13)"
"Isopentenyl diphosphate","InChI=1S/C5H12O7P2/c1-5(2)3-4-11-14(9,10)12-13(6,7)8/h1,3-4H2,2H3,(H,9,10)(H2,6,7,8)"
"Isovaleryl-CoA","InChI=1S/C26H44N7O17P3S/c1-14(2)9-17(35)54-8-7-28-16(34)5-6-29-24(38)21(37)26(3,4)11-47-53(44,45)50-52(42,43)46-10-15-20(49-51(39,40)41)19(36)25(48-15)33-13-32-18-22(27)30-12-31-23(18)33/h12-15,19-21,25,36-37H,5-11H2,1-4H3,(H,28,34)(H,29,38)(H,42,43)(H,44,45)(H2,27,30,31)(H2,39,40,41)"
"L Arabinitol C5H12O5","InChI=1S/C5H12O5/c6-1-3(8)5(10)4(9)2-7/h3-10H,1-2H2"
"L Arginine phosphate C6H14N4O5P","InChI=1S/C6H15N4O5P/c7-4(5(11)12)2-1-3-9-6(8)10-16(13,14)15/h4H,1-3,7H2,(H,11,12)(H5,8,9,10,13,14,15)"
"L Methionine S oxide C5H11NO3S","InChI=1S/C5H11NO3S/c1-10(9)3-2-4(6)5(7)8/h4H,2-3,6H2,1H3,(H,7,8)"
"L Ornithine C5H13N2O2","InChI=1S/C5H12N2O2/c6-3-1-2-4(7)5(8)9/h4H,1-3,6-7H2,(H,8,9)"
"L Sorbose C6H12O6","InChI=1S/C6H12O6/c7-2-6(11)5(10)4(9)3(8)1-12-6/h3-5,7-11H,1-2H2"
"L methionine R oxide C5H11NO3S",""
"L-2-Amino-3-oxobutanoate","InChI=1S/C4H7NO3/c1-2(6)3(5)4(7)8/h3H,5H2,1H3,(H,7,8)"
"L-Alanine","InChI=1S/C3H7NO2/c1-2(4)3(5)6/h2H,4H2,1H3,(H,5,6)"
"L-Arabinose","InChI=1S/C5H10O5/c6-1-3(8)5(10)4(9)2-7/h1,3-5,7-10H,2H2"
"L-Arginine","InChI=1S/C6H14N4O2/c7-4(5(11)12)2-1-3-10-6(8)9/h4H,1-3,7H2,(H,11,12)(H4,8,9,10)"
"L-Asparagine","InChI=1S/C4H8N2O3/c5-2(4(8)9)1-3(6)7/h2H,1,5H2,(H2,6,7)(H,8,9)"
"L-Aspartate","InChI=1S/C4H7NO4/c5-2(4(8)9)1-3(6)7/h2H,1,5H2,(H,6,7)(H,8,9)"
"L-Aspartate 4-semialdehyde","InChI=1S/C4H7NO3/c5-3(1-2-6)4(7)8/h2-3H,1,5H2,(H,7,8)"
"L-Citrulline","InChI=1S/C6H13N3O3/c7-4(5(10)11)2-1-3-9-6(8)12/h4H,1-3,7H2,(H,10,11)(H3,8,9,12)"
"L-Cystathionine","InChI=1S/C7H14N2O4S/c8-4(6(10)11)1-2-14-3-5(9)7(12)13/h4-5H,1-3,8-9H2,(H,10,11)(H,12,13)"
"L-Cysteate","InChI=1S/C3H7NO5S/c4-2(3(5)6)1-10(7,8)9/h2H,1,4H2,(H,5,6)(H,7,8,9)"
"L-Cysteine","InChI=1S/C3H7NO2S/c4-2(1-7)3(5)6/h2,7H,1,4H2,(H,5,6)"
"L-Glutamate","InChI=1S/C5H9NO4/c6-3(5(9)10)1-2-4(7)8/h3H,1-2,6H2,(H,7,8)(H,9,10)"
"L-Glutamate 5-phosphate","InChI=1S/C5H10NO7P/c6-3(5(8)9)1-2-4(7)13-14(10,11)12/h3H,1-2,6H2,(H,8,9)(H2,10,11,12)"
"L-Glutamate 5-semialdehyde","InChI=1S/C5H9NO3/c6-4(5(8)9)2-1-3-7/h3-4H,1-2,6H2,(H,8,9)"
"L-Glutamine","InChI=1S/C5H10N2O3/c6-3(5(9)10)1-2-4(7)8/h3H,1-2,6H2,(H2,7,8)(H,9,10)"
"L-Histidine","InChI=1S/C6H9N3O2/c7-5(6(10)11)1-4-2-8-3-9-4/h2-3,5H,1,7H2,(H,8,9)(H,10,11)"
"L-Histidinol","InChI=1S/C6H11N3O/c7-5(3-10)1-6-2-8-4-9-6/h2,4-5,10H,1,3,7H2,(H,8,9)"
"L-Histidinol phosphate","InChI=1S/C6H12N3O4P/c7-5(3-13-14(10,11)12)1-6-2-8-4-9-6/h2,4-5H,1,3,7H2,(H,8,9)(H2,10,11,12)"
"L-Homocysteine","InChI=1S/C4H9NO2S/c5-3(1-2-8)4(6)7/h3,8H,1-2,5H2,(H,6,7)"
"L-Homoserine","InChI=1S/C4H9NO3/c5-3(1-2-6)4(7)8/h3,6H,1-2,5H2,(H,7,8)"
"L-Isoleucine","InChI=1S/C6H13NO2/c1-3-4(2)5(7)6(8)9/h4-5H,3,7H2,1-2H3,(H,8,9)"
"L-Lactaldehyde","InChI=1S/C3H6O2/c1-3(5)2-4/h2-3,5H,1H3"
"L-Lactate","InChI=1S/C3H6O3/c1-2(4)3(5)6/h2,4H,1H3,(H,5,6)"
"L-Leucine","InChI=1S/C6H13NO2/c1-4(2)3-5(7)6(8)9/h4-5H,3,7H2,1-2H3,(H,8,9)"
"L-Lysine","InChI=1S/C6H14N2O2/c7-4-2-1-3-5(8)6(9)10/h5H,1-4,7-8H2,(H,9,10)"
"L-Malate","InChI=1S/C4H6O5/c5-2(4(8)9)1-3(6)7/h2,5H,1H2,(H,6,7)(H,8,9)"
"L-Methionine","InChI=1S/C5H11NO2S/c1-9-3-2-4(6)5(7)8/h4H,2-3,6H2,1H3,(H,7,8)"
"L-Phenylalanine","InChI=1S/C9H11NO2/c10-8(9(11)12)6-7-4-2-1-3-5-7/h1-5,8H,6,10H2,(H,11,12)"
"L-Proline","InChI=1S/C5H9NO2/c7-5(8)4-2-1-3-6-4/h4,6H,1-3H2,(H,7,8)"
"L-Rhamnose","InChI=1S/C6H12O5/c1-3(8)5(10)6(11)4(9)2-7/h2-6,8-11H,1H3"
"L-Rhamnulose","InChI=1S/C6H12O5/c1-3(8)5(10)6(11)4(9)2-7/h3,5-8,10-11H,2H2,1H3"
"L-Rhamnulose 1-phosphate","InChI=1S/C6H13O8P/c1-3(7)5(9)6(10)4(8)2-14-15(11,12)13/h3,5-7,9-10H,2H2,1H3,(H2,11,12,13)"
"L-Ribulose","InChI=1S/C5H10O5/c6-1-3(8)5(10)4(9)2-7/h3,5-8,10H,1-2H2"
"L-Ribulose 5-phosphate","InChI=1S/C5H11O8P/c6-1-3(7)5(9)4(8)2-13-14(10,11)12/h4-6,8-9H,1-2H2,(H2,10,11,12)"
"L-Serine","InChI=1S/C3H7NO3/c4-2(1-5)3(6)7/h2,5H,1,4H2,(H,6,7)"
"L-Threonine","InChI=1S/C4H9NO3/c1-2(6)3(5)4(7)8/h2-3,6H,5H2,1H3,(H,7,8)"
"L-Tryptophan","InChI=1S/C11H12N2O2/c12-9(11(14)15)5-7-6-13-10-4-2-1-3-8(7)10/h1-4,6,9,13H,5,12H2,(H,14,15)"
"L-Tyrosine","InChI=1S/C9H11NO3/c10-8(9(12)13)5-6-1-3-7(11)4-2-6/h1-4,8,11H,5,10H2,(H,12,13)"
"L-Valine","InChI=1S/C5H11NO2/c1-3(2)4(6)5(7)8/h3-4H,6H2,1-2H3,(H,7,8)"
"LL-2,6-Diaminoheptanedioate","InChI=1S/C7H14N2O4/c8-4(6(10)11)2-1-3-5(9)7(12)13/h4-5H,1-3,8-9H2,(H,10,11)(H,12,13)"
"Lactose C12H22O11","InChI=1S/C12H22O11/c13-1-3-5(15)6(16)9(19)12(22-3)23-10-4(2-14)21-11(20)8(18)7(10)17/h3-20H,1-2H2"
"Lipoteichoic acid  n24   linked  D alanine substituted C19036H39872N2400O18300P2400",""
"Lipoteichoic acid  n24   linked  N acetyl D glucosamine C31036H54272N2400O25500P2400",""
"Lipoteichoic acid  n24   linked  glucose substituted C26236H47072O25500P2400",""
"Lipoteichoic acid  n24   linked  unsubstituted C11836H23072O13500P2400",""
"Lysylphophatidylglycerol C4336H8572N200O1100P100",""
"Magnesium","InChI=1S/Mg/q+2"
"Malonate semialdehyde","InChI=1S/C3H4O3/c4-2-1-3(5)6/h2H,1H2,(H,5,6)"
"Malonyl CoA C24H33N7O19P3S","InChI=1S/C24H38N7O19P3S/c1-24(2,19(37)22(38)27-4-3-13(32)26-5-6-54-15(35)7-14(33)34)9-47-53(44,45)50-52(42,43)46-8-12-18(49-51(39,40)41)17(36)23(48-12)31-11-30-16-20(25)28-10-29-21(16)31/h10-12,17-19,23,36-37H,3-9H2,1-2H3,(H,26,32)(H,27,38)(H,33,34)(H,42,43)(H,44,45)(H2,25,28,29)(H2,39,40,41)"
"Maltose 6'-phosphate","InChI=1S/C12H23O14P/c13-1-3-10(7(16)8(17)11(19)24-3)26-12-9(18)6(15)5(14)4(25-12)2-23-27(20,21)22/h3-19H,1-2H2,(H2,20,21,22)"
"Maltose C12H22O11","InChI=1S/C12H22O11/c13-1-3-5(15)6(16)9(19)12(22-3)23-10-4(2-14)21-11(20)8(18)7(10)17/h3-20H,1-2H2"
"Maltotriose C18H32O16","InChI=1S/C18H32O16/c19-1-4-7(22)8(23)12(27)17(31-4)34-15-6(3-21)32-18(13(28)10(15)25)33-14-5(2-20)30-16(29)11(26)9(14)24/h4-29H,1-3H2"
"Melibiose C12H22O11","InChI=1S/C12H22O11/c13-1-3-5(14)8(17)10(19)12(23-3)21-2-4-6(15)7(16)9(18)11(20)22-4/h3-20H,1-2H2"
"Menaquinol 7 C46H66O2","InChI=1S/C46H66O2/c1-34(2)18-12-19-35(3)20-13-21-36(4)22-14-23-37(5)24-15-25-38(6)26-16-27-39(7)28-17-29-40(8)32-33-42-41(9)45(47)43-30-10-11-31-44(43)46(42)48/h10-11,18,20,22,24,26,28,30-32,47-48H,12-17,19,21,23,25,27,29,33H2,1-9H3"
"Menaquinone 7 C46H64O2","InChI=1S/C46H64O2/c1-34(2)18-12-19-35(3)20-13-21-36(4)22-14-23-37(5)24-15-25-38(6)26-16-27-39(7)28-17-29-40(8)32-33-42-41(9)45(47)43-30-10-11-31-44(43)46(42)48/h10-11,18,20,22,24,26,28,30-32H,12-17,19,21,23,25,27,29,33H2,1-9H3"
"Meso-2,6-Diaminoheptanedioate","InChI=1S/C7H14N2O4/c8-4(6(10)11)2-1-3-5(9)7(12)13/h4-5H,1-3,8-9H2,(H,10,11)(H,12,13)"
"Methanesulfonate","InChI=1S/CH4O3S/c1-5(2,3)4/h1H3,(H,2,3,4)"
"Methylisocitrate","InChI=1S/C7H10O7/c1-7(14,6(12)13)3(5(10)11)2-4(8)9/h3,14H,2H2,1H3,(H,8,9)(H,10,11)(H,12,13)"
"Minor teichoic acid  acetylgalactosamine glucose phosphate  n30  C420H750N30O420P30",""
"Monoglucosyl 1 2 diacylglycerol C4036H7672O1000",""
"Myo-Inositol","InChI=1S/C6H12O6/c7-1-2(8)4(10)6(12)5(11)3(1)9/h1-12H"
"N Acetyl L 2 amino 6 oxopimelate C9H11NO6","InChI=1S/C9H13NO6/c1-5(11)10-6(8(13)14)3-2-4-7(12)9(15)16/h6H,2-4H2,1H3,(H,10,11)(H,13,14)(H,15,16)"
"N Ribosylnicotinamide C11H15N2O5","InChI=1S/C11H14N2O5/c12-10(17)6-2-1-3-13(4-6)11-9(16)8(15)7(5-14)18-11/h1-4,7-9,11,14-16H,5H2,(H-,12,17)/p+1"
"N(omega)-(L-Arginino)succinate","InChI=1S/C10H18N4O6/c11-5(8(17)18)2-1-3-13-10(12)14-6(9(19)20)4-7(15)16/h5-6H,1-4,11H2,(H,15,16)(H,17,18)(H,19,20)(H3,12,13,14)"
"N-(5-Phospho-D-ribosyl)anthranilate","InChI=1S/C12H16NO9P/c14-9-8(5-21-23(18,19)20)22-11(10(9)15)13-7-4-2-1-3-6(7)12(16)17/h1-4,8-11,13-15H,5H2,(H,16,17)(H2,18,19,20)"
"N-Acetyl-D-glucosamine 1-phosphate","InChI=1S/C8H16NO9P/c1-3(11)9-5-7(13)6(12)4(2-10)17-8(5)18-19(14,15)16/h4-8,10,12-13H,2H2,1H3,(H,9,11)(H2,14,15,16)"
"N-Acetyl-D-glucosamine 6-phosphate","InChI=1S/C8H16NO9P/c1-3(10)9-5-7(12)6(11)4(18-8(5)13)2-17-19(14,15)16/h4-8,11-13H,2H2,1H3,(H,9,10)(H2,14,15,16)"
"N-Acetyl-D-mannosamine","InChI=1S/C8H15NO6/c1-4(12)9-5(2-10)7(14)8(15)6(13)3-11/h2,5-8,11,13-15H,3H2,1H3,(H,9,12)"
"N-Acetyl-L-glutamate","InChI=1S/C7H11NO5/c1-4(9)8-5(7(12)13)2-3-6(10)11/h5H,2-3H2,1H3,(H,8,9)(H,10,11)(H,12,13)"
"N-Acetyl-L-glutamate 5-semialdehyde","InChI=1S/C7H11NO4/c1-5(10)8-6(7(11)12)3-2-4-9/h4,6H,2-3H2,1H3,(H,8,10)(H,11,12)"
"N-Acetyl-L-glutamyl 5-phosphate","InChI=1S/C7H12NO8P/c1-4(9)8-5(7(11)12)2-3-6(10)16-17(13,14)15/h5H,2-3H2,1H3,(H,8,9)(H,11,12)(H2,13,14,15)"
"N-Acetylneuraminate","InChI=1S/C11H19NO9/c1-4(14)12-7-5(15)2-11(20,10(18)19)21-9(7)8(17)6(16)3-13/h5-9,13,15-17,20H,2-3H2,1H3,(H,12,14)(H,18,19)"
"N-Carbamoyl-L-aspartate","InChI=1S/C5H8N2O5/c6-5(12)7-2(4(10)11)1-3(8)9/h2H,1H2,(H,8,9)(H,10,11)(H3,6,7,12)"
"N-Formimidoyl-L-glutamate","InChI=1S/C6H10N2O4/c7-3-8-4(6(11)12)1-2-5(9)10/h3-4H,1-2H2,(H2,7,8)(H,9,10)(H,11,12)"
"N1-(5-Phospho-D-ribosyl)glycinamide","InChI=1S/C7H15N2O8P/c8-1-4(10)9-7-6(12)5(11)3(17-7)2-16-18(13,14)15/h3,5-7,11-12H,1-2,8H2,(H,9,10)(H2,13,14,15)"
"N2-Acetyl-L-ornithine","InChI=1S/C7H14N2O3/c1-5(10)9-6(7(11)12)3-2-4-8/h6H,2-4,8H2,1H3,(H,9,10)(H,11,12)"
"N2-Formyl-N1-(5-phospho-D-ribosyl)glycinamide","InChI=1S/C8H15N2O9P/c11-3-9-1-5(12)10-8-7(14)6(13)4(19-8)2-18-20(15,16)17/h3-4,6-8,13-14H,1-2H2,(H,9,11)(H,10,12)(H2,15,16,17)"
"N6 Acetyl LL 2 6 diaminopimelate C9H15N2O5",""
"N6-(1,2-Dicarboxyethyl)-AMP","InChI=1S/C14H18N5O11P/c20-7(21)1-5(14(24)25)18-11-8-12(16-3-15-11)19(4-17-8)13-10(23)9(22)6(30-13)2-29-31(26,27)28/h3-6,9-10,13,22-23H,1-2H2,(H,20,21)(H,24,25)(H,15,16,18)(H2,26,27,28)"
"NMN C11H14N2O8P","InChI=1S/C11H15N2O8P/c12-10(16)6-2-1-3-13(4-6)11-9(15)8(14)7(21-11)5-20-22(17,18)19/h1-4,7-9,11,14-15H,5H2,(H3-,12,16,17,18,19)/p+1"
"Nicotinamide","InChI=1S/C6H6N2O/c7-6(9)5-2-1-3-8-4-5/h1-4H,(H2,7,9)"
"Nicotinamide adenine dinucleotide","InChI=1S/C21H27N7O14P2/c22-17-12-19(25-7-24-17)28(8-26-12)21-16(32)14(30)11(41-21)6-39-44(36,37)42-43(34,35)38-5-10-13(29)15(31)20(40-10)27-3-1-2-9(4-27)18(23)33/h1-4,7-8,10-11,13-16,20-21,29-32H,5-6H2,(H5-,22,23,24,25,33,34,35,36,37)/p+1"
"Nicotinamide adenine dinucleotide - reduced","InChI=1S/C21H29N7O14P2/c22-17-12-19(25-7-24-17)28(8-26-12)21-16(32)14(30)11(41-21)6-39-44(36,37)42-43(34,35)38-5-10-13(29)15(31)20(40-10)27-3-1-2-9(4-27)18(23)33/h1,3-4,7-8,10-11,13-16,20-21,29-32H,2,5-6H2,(H2,23,33)(H,34,35)(H,36,37)(H2,22,24,25)"
"Nicotinamide adenine dinucleotide phosphate","InChI=1S/C21H28N7O17P3/c22-17-12-19(25-7-24-17)28(8-26-12)21-16(44-46(33,34)35)14(30)11(43-21)6-41-48(38,39)45-47(36,37)40-5-10-13(29)15(31)20(42-10)27-3-1-2-9(4-27)18(23)32/h1-4,7-8,10-11,13-16,20-21,29-31H,5-6H2,(H7-,22,23,24,25,32,33,34,35,36,37,38,39)/p+1"
"Nicotinamide adenine dinucleotide phosphate - reduced","InChI=1S/C21H30N7O17P3/c22-17-12-19(25-7-24-17)28(8-26-12)21-16(44-46(33,34)35)14(30)11(43-21)6-41-48(38,39)45-47(36,37)40-5-10-13(29)15(31)20(42-10)27-3-1-2-9(4-27)18(23)32/h1,3-4,7-8,10-11,13-16,20-21,29-31H,2,5-6H2,(H2,23,32)(H,36,37)(H,38,39)(H2,22,24,25)(H2,33,34,35)"
"Nicotinate","InChI=1S/C6H5NO2/c8-6(9)5-2-1-3-7-4-5/h1-4H,(H,8,9)"
"Nicotinate D-ribonucleotide","InChI=1S/C11H14NO9P/c13-8-7(5-20-22(17,18)19)21-10(9(8)14)12-3-1-2-6(4-12)11(15)16/h1-4,7-10,13-14H,5H2,(H2-,15,16,17,18,19)/p+1"
"Nitrate","InChI=1S/NO3/c2-1(3)4/q-1"
"Nitrite","InChI=1S/HNO2/c2-1-3/h(H,2,3)/p-1"
"O-Acetyl-L-serine","InChI=1S/C5H9NO4/c1-3(7)10-2-4(6)5(8)9/h4H,2,6H2,1H3,(H,8,9)"
"O-Phospho-L-homoserine","InChI=1S/C4H10NO6P/c5-3(4(6)7)1-2-11-12(8,9)10/h3H,1-2,5H2,(H,6,7)(H2,8,9,10)"
"O-Phospho-L-serine","InChI=1S/C3H8NO6P/c4-2(3(5)6)1-10-11(7,8)9/h2H,1,4H2,(H,5,6)(H2,7,8,9)"
"O-Succinyl-L-homoserine","InChI=1S/C8H13NO6/c9-5(8(13)14)3-4-15-7(12)2-1-6(10)11/h5H,1-4,9H2,(H,10,11)(H,13,14)"
"O-Succinylbenzoate","InChI=1S/C11H10O5/c12-9(5-6-10(13)14)7-3-1-2-4-8(7)11(15)16/h1-4H,5-6H2,(H,13,14)(H,15,16)"
"O-Succinylbenzoyl-CoA","InChI=1S/C32H44N7O20P3S/c1-32(2,26(45)29(46)35-10-9-21(41)34-11-12-63-31(47)18-6-4-3-5-17(18)19(40)7-8-22(42)43)14-56-62(53,54)59-61(51,52)55-13-20-25(58-60(48,49)50)24(44)30(57-20)39-16-38-23-27(33)36-15-37-28(23)39/h3-6,15-16,20,24-26,30,44-45H,7-14H2,1-2H3,(H,34,41)(H,35,46)(H,42,43)(H,51,52)(H,53,54)(H2,33,36,37)(H2,48,49,50)"
"O2 O2","InChI=1S/O2/c1-2"
"Octadecanoate (n-C18:0)","InChI=1S/C18H36O2/c1-2-3-4-5-6-7-8-9-10-11-12-13-14-15-16-17-18(19)20/h2-17H2,1H3,(H,19,20)"
"Octanoyl-CoA (n-C8:0CoA)","InChI=1S/C29H50N7O17P3S/c1-4-5-6-7-8-9-20(38)57-13-12-31-19(37)10-11-32-27(41)24(40)29(2,3)15-50-56(47,48)53-55(45,46)49-14-18-23(52-54(42,43)44)22(39)28(51-18)36-17-35-21-25(30)33-16-34-26(21)36/h16-18,22-24,28,39-40H,4-15H2,1-3H3,(H,31,37)(H,32,41)(H,45,46)(H,47,48)(H2,30,33,34)(H2,42,43,44)"
"Orotate C5H3N2O4","InChI=1S/C5H4N2O4/c8-3-1-2(4(9)10)6-5(11)7-3/h1H,(H,9,10)(H2,6,7,8,11)"
"Orotidine 5'-phosphate","InChI=1S/C10H13N2O11P/c13-5-1-3(9(16)17)12(10(18)11-5)8-7(15)6(14)4(23-8)2-22-24(19,20)21/h1,4,6-8,14-15H,2H2,(H,16,17)(H,11,13,18)(H2,19,20,21)"
"Oxalate","InChI=1S/C2H2O4/c3-1(4)2(5)6/h(H,3,4)(H,5,6)"
"Oxaloacetate","InChI=1S/C4H4O5/c5-2(4(8)9)1-3(6)7/h1H2,(H,6,7)(H,8,9)"
"Oxidized thioredoxin",""
"Palatinose C12H22O11","InChI=1S/C12H22O11/c13-1-4-6(15)8(17)9(18)11(22-4)21-2-5-7(16)10(19)12(20,3-14)23-5/h4-11,13-20H,1-3H2"
"Palmitoyl-CoA (n-C16:0CoA)","InChI=1S/C37H66N7O17P3S/c1-4-5-6-7-8-9-10-11-12-13-14-15-16-17-28(46)65-21-20-39-27(45)18-19-40-35(49)32(48)37(2,3)23-58-64(55,56)61-63(53,54)57-22-26-31(60-62(50,51)52)30(47)36(59-26)44-25-43-29-33(38)41-24-42-34(29)44/h24-26,30-32,36,47-48H,4-23H2,1-3H3,(H,39,45)(H,40,49)(H,53,54)(H,55,56)(H2,38,41,42)(H2,50,51,52)"
"Peptidoglycan subunit of Bacillus subtilis C40H62N8O21",""
"Phenylpyruvate","InChI=1S/C9H8O3/c10-8(9(11)12)6-7-4-2-1-3-5-7/h1-6,10H,(H,11,12)"
"Phosphate","InChI=1S/H3O4P/c1-5(2,3)4/h(H3,1,2,3,4)"
"Phosphatidylethanolamine  B subtilis  C3636H7172N100O800P100",""
"Phosphatidylglycerol  B subtils  C3736H7272O1000P100",""
"Phosphatidylglycerophosphate  B subtilis  C3736H7172O1300P200",""
"Phosphatidylserine  B subtilis  C3736H7172N100O1000P100",""
"Phosphoenolpyruvate","InChI=1S/C3H5O6P/c1-2(3(4)5)9-10(6,7)8/h1H2,(H,4,5)(H2,6,7,8)"
"Potassium","InChI=1S/K/q+1"
"Prephenate","InChI=1S/C10H10O6/c11-6-1-3-10(4-2-6,9(15)16)5-7(12)8(13)14/h1-4,6,11H,5H2,(H,13,14)(H,15,16)"
"Propanoyl phosphate","InChI=1S/C3H7O5P/c1-2-3(4)8-9(5,6)7/h2H2,1H3,(H2,5,6,7)"
"Propanoyl-CoA","InChI=1S/C24H40N7O17P3S/c1-4-15(33)52-8-7-26-14(32)5-6-27-22(36)19(35)24(2,3)10-45-51(42,43)48-50(40,41)44-9-13-18(47-49(37,38)39)17(34)23(46-13)31-12-30-16-20(25)28-11-29-21(16)31/h11-13,17-19,23,34-35H,4-10H2,1-3H3,(H,26,32)(H,27,36)(H,40,41)(H,42,43)(H2,25,28,29)(H2,37,38,39)"
"Propionate (n-C3:0)",""
"Putrescine","InChI=1S/C4H12N2/c5-3-1-2-4-6/h1-6H2"
"Pyruvate","InChI=1S/C3H4O3/c1-2(4)3(5)6/h1H3,(H,5,6)"
"Quinolinate","InChI=1S/C7H5NO4/c9-6(10)4-2-1-3-8-5(4)7(11)12/h1-3H,(H,9,10)(H,11,12)"
"Raffinose C18H32O16","InChI=1S/C18H32O16/c19-1-5-8(22)11(25)13(27)16(31-5)30-3-7-9(23)12(26)14(28)17(32-7)34-18(4-21)15(29)10(24)6(2-20)33-18/h5-17,19-29H,1-4H2"
"Reduced thioredoxin",""
"Riboflavin C17H20N4O6","InChI=1S/C17H20N4O6/c1-7-3-9-10(4-8(7)2)21(5-11(23)14(25)12(24)6-22)15-13(18-9)16(26)20-17(27)19-15/h3-4,11-12,14,22-25H,5-6H2,1-2H3,(H,20,26,27)"
"S-Adenosyl-L-homocysteine","InChI=1S/C14H20N6O5S/c15-6(14(23)24)1-2-26-3-7-9(21)10(22)13(25-7)20-5-19-8-11(16)17-4-18-12(8)20/h4-7,9-10,13,21-22H,1-3,15H2,(H,23,24)(H2,16,17,18)"
"S-Adenosyl-L-methionine","InChI=1S/C15H22N6O5S/c1-27(3-2-7(16)15(24)25)4-8-10(22)11(23)14(26-8)21-6-20-9-12(17)18-5-19-13(9)21/h5-8,10-11,14,22-23H,2-4,16H2,1H3,(H2-,17,18,19,24,25)/p+1"
"S-Adenosylmethioninamine","InChI=1S/C14H23N6O3S/c1-24(4-2-3-15)5-8-10(21)11(22)14(23-8)20-7-19-9-12(16)17-6-18-13(9)20/h6-8,10-11,14,21-22H,2-5,15H2,1H3,(H2,16,17,18)/q+1"
"S-Ribosyl-L-homocysteine","InChI=1S/C9H17NO6S/c10-4(8(13)14)1-2-17-3-5-6(11)7(12)9(15)16-5/h4-7,9,11-12,15H,1-3,10H2,(H,13,14)"
"Salicin 6-phosphate","InChI=1S/C13H19O10P/c14-5-7-3-1-2-4-8(7)22-13-12(17)11(16)10(15)9(23-13)6-21-24(18,19)20/h1-4,9-17H,5-6H2,(H2,18,19,20)"
"Sedoheptulose 7-phosphate","InChI=1S/C7H15O10P/c8-1-3(9)5(11)7(13)6(12)4(10)2-17-18(14,15)16/h4-8,10-13H,1-2H2,(H2,14,15,16)"
"Shikimate","InChI=1S/C7H10O5/c8-4-1-3(7(11)12)2-5(9)6(4)10/h1,4-6,8-10H,2H2,(H,11,12)"
"Shikimate 5-phosphate","InChI=1S/C7H11O8P/c8-4-1-3(7(10)11)2-5(6(4)9)15-16(12,13)14/h2,4-6,8-9H,1H2,(H,10,11)(H2,12,13,14)"
"Sodium","InChI=1S/Na/q+1"
"Spermidine","InChI=1S/C7H19N3/c8-4-1-2-6-10-7-3-5-9/h10H,1-9H2"
"Stearyl CoA  n C180CoA  C39H66N7O17P3S","InChI=1S/C39H70N7O17P3S/c1-4-5-6-7-8-9-10-11-12-13-14-15-16-17-18-19-30(48)67-23-22-41-29(47)20-21-42-37(51)34(50)39(2,3)25-60-66(57,58)63-65(55,56)59-24-28-33(62-64(52,53)54)32(49)38(61-28)46-27-45-31-35(40)43-26-44-36(31)46/h26-28,32-34,38,49-50H,4-25H2,1-3H3,(H,41,47)(H,42,51)(H,55,56)(H,57,58)(H2,40,43,44)(H2,52,53,54)"
"Succinate","InChI=1S/C4H6O4/c5-3(6)1-2-4(7)8/h1-2H2,(H,5,6)(H,7,8)"
"Succinic semialdehyde","InChI=1S/C4H6O3/c5-3-1-2-4(6)7/h3H,1-2H2,(H,6,7)"
"Succinyl-CoA","InChI=1S/C25H40N7O19P3S/c1-25(2,20(38)23(39)28-6-5-14(33)27-7-8-55-16(36)4-3-15(34)35)10-48-54(45,46)51-53(43,44)47-9-13-19(50-52(40,41)42)18(37)24(49-13)32-12-31-17-21(26)29-11-30-22(17)32/h11-13,18-20,24,37-38H,3-10H2,1-2H3,(H,27,33)(H,28,39)(H,34,35)(H,43,44)(H,45,46)(H2,26,29,30)(H2,40,41,42)"
"Sucrose 6-phosphate","InChI=1S/C12H23O14P/c13-1-4-6(15)8(17)9(18)11(24-4)26-12(3-14)10(19)7(16)5(25-12)2-23-27(20,21)22/h4-11,13-19H,1-3H2,(H2,20,21,22)"
"Sucrose C12H22O11","InChI=1S/C12H22O11/c13-1-4-6(16)8(18)9(19)11(21-4)23-12(3-15)10(20)7(17)5(2-14)22-12/h4-11,13-20H,1-3H2"
"Sulfate","InChI=1S/H2O4S/c1-5(2,3)4/h(H2,1,2,3,4)"
"Sulfite","InChI=1S/H2O3S/c1-4(2)3/h(H2,1,2,3)"
"Sulfoacetate C2H2O5S","InChI=1S/C2H4O5S/c3-2(4)1-8(5,6)7/h1H2,(H,3,4)(H,5,6,7)"
"Taurine C2H7NO3S","InChI=1S/C2H7NO3S/c3-1-2-7(4,5)6/h1-3H2,(H,4,5,6)"
"Tetradecanoate (n-C14:0)",""
"Tetradecanoyl-CoA (n-C14:0CoA)","InChI=1S/C35H62N7O17P3S/c1-4-5-6-7-8-9-10-11-12-13-14-15-26(44)63-19-18-37-25(43)16-17-38-33(47)30(46)35(2,3)21-56-62(53,54)59-61(51,52)55-20-24-29(58-60(48,49)50)28(45)34(57-24)42-23-41-27-31(36)39-22-40-32(27)42/h22-24,28-30,34,45-46H,4-21H2,1-3H3,(H,37,43)(H,38,47)(H,51,52)(H,53,54)(H2,36,39,40)(H2,48,49,50)"
"Thymidine C10H14N2O5","InChI=1S/C10H14N2O5/c1-5-3-12(10(16)11-9(5)15)8-2-6(14)7(4-13)17-8/h3,6-8,13-14H,2,4H2,1H3,(H,11,15,16)"
"Thymine C5H6N2O2","InChI=1S/C5H6N2O2/c1-3-2-6-5(9)7-4(3)8/h2H,1H3,(H2,6,7,8,9)"
"Trans Dodec 2 enoyl CoA C33H52N7O17P3S","InChI=1S/C33H56N7O17P3S/c1-4-5-6-7-8-9-10-11-12-13-24(42)61-17-16-35-23(41)14-15-36-31(45)28(44)33(2,3)19-54-60(51,52)57-59(49,50)53-18-22-27(56-58(46,47)48)26(43)32(55-22)40-21-39-25-29(34)37-20-38-30(25)40/h12-13,20-22,26-28,32,43-44H,4-11,14-19H2,1-3H3,(H,35,41)(H,36,45)(H,49,50)(H,51,52)(H2,34,37,38)(H2,46,47,48)"
"Trans-2-Methylbut-2-enoyl-CoA","InChI=1S/C26H42N7O17P3S/c1-5-14(2)25(38)54-9-8-28-16(34)6-7-29-23(37)20(36)26(3,4)11-47-53(44,45)50-52(42,43)46-10-15-19(49-51(39,40)41)18(35)24(48-15)33-13-32-17-21(27)30-12-31-22(17)33/h5,12-13,15,18-20,24,35-36H,6-11H2,1-4H3,(H,28,34)(H,29,37)(H,42,43)(H,44,45)(H2,27,30,31)(H2,39,40,41)"
"Trans-Dec-2-enoyl-CoA","InChI=1S/C31H52N7O17P3S/c1-4-5-6-7-8-9-10-11-22(40)59-15-14-33-21(39)12-13-34-29(43)26(42)31(2,3)17-52-58(49,50)55-57(47,48)51-16-20-25(54-56(44,45)46)24(41)30(53-20)38-19-37-23-27(32)35-18-36-28(23)38/h10-11,18-20,24-26,30,41-42H,4-9,12-17H2,1-3H3,(H,33,39)(H,34,43)(H,47,48)(H,49,50)(H2,32,35,36)(H2,44,45,46)"
"Trans-Hex-2-enoyl-CoA","InChI=1S/C27H44N7O17P3S/c1-4-5-6-7-18(36)55-11-10-29-17(35)8-9-30-25(39)22(38)27(2,3)13-48-54(45,46)51-53(43,44)47-12-16-21(50-52(40,41)42)20(37)26(49-16)34-15-33-19-23(28)31-14-32-24(19)34/h6-7,14-16,20-22,26,37-38H,4-5,8-13H2,1-3H3,(H,29,35)(H,30,39)(H,43,44)(H,45,46)(H2,28,31,32)(H2,40,41,42)"
"Trans-Hexadec-2-enoyl-CoA","InChI=1S/C37H64N7O17P3S/c1-4-5-6-7-8-9-10-11-12-13-14-15-16-17-28(46)65-21-20-39-27(45)18-19-40-35(49)32(48)37(2,3)23-58-64(55,56)61-63(53,54)57-22-26-31(60-62(50,51)52)30(47)36(59-26)44-25-43-29-33(38)41-24-42-34(29)44/h16-17,24-26,30-32,36,47-48H,4-15,18-23H2,1-3H3,(H,39,45)(H,40,49)(H,53,54)(H,55,56)(H2,38,41,42)(H2,50,51,52)"
"Trans-Oct-2-enoyl-CoA","InChI=1S/C29H48N7O17P3S/c1-4-5-6-7-8-9-20(38)57-13-12-31-19(37)10-11-32-27(41)24(40)29(2,3)15-50-56(47,48)53-55(45,46)49-14-18-23(52-54(42,43)44)22(39)28(51-18)36-17-35-21-25(30)33-16-34-26(21)36/h8-9,16-18,22-24,28,39-40H,4-7,10-15H2,1-3H3,(H,31,37)(H,32,41)(H,45,46)(H,47,48)(H2,30,33,34)(H2,42,43,44)"
"Trans-Tetradec-2-enoyl-CoA","InChI=1S/C35H60N7O17P3S/c1-4-5-6-7-8-9-10-11-12-13-14-15-26(44)63-19-18-37-25(43)16-17-38-33(47)30(46)35(2,3)21-56-62(53,54)59-61(51,52)55-20-24-29(58-60(48,49)50)28(45)34(57-24)42-23-41-27-31(36)39-22-40-32(27)42/h14-15,22-24,28-30,34,45-46H,4-13,16-21H2,1-3H3,(H,37,43)(H,38,47)(H,51,52)(H,53,54)(H2,36,39,40)(H2,48,49,50)"
"Triglucosyl 1 2 diacylglycerol C5236H9672O2000",""
"Trimetaphosphate P3O9","InChI=1S/C10H15N2O9P/c1-4-2-12(10(16)11-8(4)15)9-7(14)6(13)5(21-9)3-20-22(17,18)19/h2,5-7,9,13-14H,3H2,1H3,(H,11,15,16)(H2,17,18,19)"
"UDP C9H11N2O12P2","InChI=1S/C9H14N2O12P2/c12-5-1-2-11(9(15)10-5)8-7(14)6(13)4(22-8)3-21-25(19,20)23-24(16,17)18/h1-2,4,6-8,13-14H,3H2,(H,19,20)(H,10,12,15)(H2,16,17,18)"
"UDP N acetyl D galactosamine C17H25N3O17P2","InChI=1S/C17H27N3O17P2/c1-6(22)18-10-13(26)11(24)7(4-21)35-16(10)36-39(31,32)37-38(29,30)33-5-8-12(25)14(27)15(34-8)20-3-2-9(23)19-17(20)28/h2-3,7-8,10-16,21,24-27H,4-5H2,1H3,(H,18,22)(H,29,30)(H,31,32)(H,19,23,28)"
"UDP-N-acetyl-3-O-(1-carboxyvinyl)-D-glucosamine","InChI=1S/C20H29N3O19P2/c1-7(18(30)31)38-16-12(21-8(2)25)19(40-9(5-24)14(16)28)41-44(35,36)42-43(33,34)37-6-10-13(27)15(29)17(39-10)23-4-3-11(26)22-20(23)32/h3-4,9-10,12-17,19,24,27-29H,1,5-6H2,2H3,(H,21,25)(H,30,31)(H,33,34)(H,35,36)(H,22,26,32)"
"UDP-N-acetyl-D-glucosamine","InChI=1S/C17H27N3O17P2/c1-6(22)18-10-13(26)11(24)7(4-21)35-16(10)36-39(31,32)37-38(29,30)33-5-8-12(25)14(27)15(34-8)20-3-2-9(23)19-17(20)28/h2-3,7-8,10-16,21,24-27H,4-5H2,1H3,(H,18,22)(H,29,30)(H,31,32)(H,19,23,28)"
"UDP-N-acetyl-D-mannosamine","InChI=1S/C17H27N3O17P2/c1-6(22)18-10-13(26)11(24)7(4-21)35-16(10)36-39(31,32)37-38(29,30)33-5-8-12(25)14(27)15(34-8)20-3-2-9(23)19-17(20)28/h2-3,7-8,10-16,21,24-27H,4-5H2,1H3,(H,18,22)(H,29,30)(H,31,32)(H,19,23,28)"
"UDP-N-acetylmuramate","InChI=1S/C20H31N3O19P2/c1-7(18(30)31)38-16-12(21-8(2)25)19(40-9(5-24)14(16)28)41-44(35,36)42-43(33,34)37-6-10-13(27)15(29)17(39-10)23-4-3-11(26)22-20(23)32/h3-4,7,9-10,12-17,19,24,27-29H,5-6H2,1-2H3,(H,21,25)(H,30,31)(H,33,34)(H,35,36)(H,22,26,32)"
"UDP-N-acetylmuramoyl-L-alanine","InChI=1S/C23H36N4O20P2/c1-8(21(35)36)24-19(34)9(2)43-18-14(25-10(3)29)22(45-11(6-28)16(18)32)46-49(40,41)47-48(38,39)42-7-12-15(31)17(33)20(44-12)27-5-4-13(30)26-23(27)37/h4-5,8-9,11-12,14-18,20,22,28,31-33H,6-7H2,1-3H3,(H,24,34)(H,25,29)(H,35,36)(H,38,39)(H,40,41)(H,26,30,37)"
"UDP-N-acetylmuramoyl-L-alanyl-D-gamma-glutamyl-meso-2,6-diaminopimelate","InChI=1S/C35H55N7O26P2/c1-13(28(50)40-18(33(56)57)7-8-21(45)39-17(32(54)55)6-4-5-16(36)31(52)53)37-29(51)14(2)64-27-23(38-15(3)44)34(66-19(11-43)25(27)48)67-70(61,62)68-69(59,60)63-12-20-24(47)26(49)30(65-20)42-10-9-22(46)41-35(42)58/h9-10,13-14,16-20,23-27,30,34,43,47-49H,4-8,11-12,36H2,1-3H3,(H,37,51)(H,38,44)(H,39,45)(H,40,50)(H,52,53)(H,54,55)(H,56,57)(H,59,60)(H,61,62)(H,41,46,58)"
"UDP-N-acetylmuramoyl-L-alanyl-D-glutamate","InChI=1S/C28H43N5O23P2/c1-10(23(42)31-13(26(44)45)4-5-17(37)38)29-24(43)11(2)52-22-18(30-12(3)35)27(54-14(8-34)20(22)40)55-58(49,50)56-57(47,48)51-9-15-19(39)21(41)25(53-15)33-7-6-16(36)32-28(33)46/h6-7,10-11,13-15,18-22,25,27,34,39-41H,4-5,8-9H2,1-3H3,(H,29,43)(H,30,35)(H,31,42)(H,37,38)(H,44,45)(H,47,48)(H,49,50)(H,32,36,46)"
"UDP-N-acetylmuramoyl-L-alanyl-D-glutamyl-meso-2,6-diaminopimeloyl-D-alanyl-D-alanine","InChI=1S/C41H65N9O28P2/c1-15(32(58)45-17(3)37(62)63)44-35(61)21(8-6-7-20(42)38(64)65)47-25(53)10-9-22(39(66)67)48-33(59)16(2)43-34(60)18(4)74-31-27(46-19(5)52)40(76-23(13-51)29(31)56)77-80(71,72)78-79(69,70)73-14-24-28(55)30(57)36(75-24)50-12-11-26(54)49-41(50)68/h11-12,15-18,20-24,27-31,36,40,51,55-57H,6-10,13-14,42H2,1-5H3,(H,43,60)(H,44,61)(H,45,58)(H,46,52)(H,47,53)(H,48,59)(H,62,63)(H,64,65)(H,66,67)(H,69,70)(H,71,72)(H,49,54,68)"
"UDPgalactose","InChI=1S/C15H24N2O17P2/c18-3-5-8(20)10(22)12(24)14(32-5)33-36(28,29)34-35(26,27)30-4-6-9(21)11(23)13(31-6)17-2-1-7(19)16-15(17)25/h1-2,5-6,8-14,18,20-24H,3-4H2,(H,26,27)(H,28,29)(H,16,19,25)"
"UDPglucose","InChI=1S/C15H24N2O17P2/c18-3-5-8(20)10(22)12(24)14(32-5)33-36(28,29)34-35(26,27)30-4-6-9(21)11(23)13(31-6)17-2-1-7(19)16-15(17)25/h1-2,5-6,8-14,18,20-24H,3-4H2,(H,26,27)(H,28,29)(H,16,19,25)"
"UMP C9H11N2O9P","InChI=1S/C9H13N2O9P/c12-5-1-2-11(9(15)10-5)8-7(14)6(13)4(20-8)3-19-21(16,17)18/h1-2,4,6-8,13-14H,3H2,(H,10,12,15)(H2,16,17,18)"
"UTP C9H11N2O15P3","InChI=1S/C9H15N2O15P3/c12-5-1-2-11(9(15)10-5)8-7(14)6(13)4(24-8)3-23-28(19,20)26-29(21,22)25-27(16,17)18/h1-2,4,6-8,13-14H,3H2,(H,19,20)(H,21,22)(H,10,12,15)(H2,16,17,18)"
"Undecaprenyl diphosphate","InChI=1S/C55H92O7P2/c1-45(2)23-13-24-46(3)25-14-26-47(4)27-15-28-48(5)29-16-30-49(6)31-17-32-50(7)33-18-34-51(8)35-19-36-52(9)37-20-38-53(10)39-21-40-54(11)41-22-42-55(12)43-44-61-64(59,60)62-63(56,57)58/h23,25,27,29,31,33,35,37,39,41,43H,13-22,24,26,28,30,32,34,36,38,40,42,44H2,1-12H3,(H,59,60)(H2,56,57,58)"
"Undecaprenyl phosphate","InChI=1S/C55H91O4P/c1-45(2)23-13-24-46(3)25-14-26-47(4)27-15-28-48(5)29-16-30-49(6)31-17-32-50(7)33-18-34-51(8)35-19-36-52(9)37-20-38-53(10)39-21-40-54(11)41-22-42-55(12)43-44-59-60(56,57)58/h23,25,27,29,31,33,35,37,39,41,43H,13-22,24,26,28,30,32,34,36,38,40,42,44H2,1-12H3,(H2,56,57,58)"
"Undecaprenyl-diphospho-N-acetylmuramoyl-(N-acetylglucosamine)-L-ala-D-glu-meso-2,6-diaminopimeloyl-D-ala-D-ala","InChI=1S/C95H156N8O28P2/c1-58(2)30-19-31-59(3)32-20-33-60(4)34-21-35-61(5)36-22-37-62(6)38-23-39-63(7)40-24-41-64(8)42-25-43-65(9)44-26-45-66(10)46-27-47-67(11)48-28-49-68(12)54-55-125-132(121,122)131-133(123,124)130-95-82(101-74(18)107)86(85(79(57-105)128-95)129-94-81(100-73(17)106)84(110)83(109)78(56-104)127-94)126-72(16)89(113)97-70(14)88(112)103-77(93(119)120)52-53-80(108)102-76(51-29-50-75(96)92(117)118)90(114)98-69(13)87(111)99-71(15)91(115)116/h30,32,34,36,38,40,42,44,46,48,54,69-72,75-79,81-86,94-95,104-105,109-110H,19-29,31,33,35,37,39,41,43,45,47,49-53,55-57,96H2,1-18H3,(H,97,113)(H,98,114)(H,99,111)(H,100,106)(H,101,107)(H,102,108)(H,103,112)(H,115,116)(H,117,118)(H,119,120)(H,121,122)(H,123,124)"
"Undecaprenyl-diphospho-N-acetylmuramoyl-L-alanyl-D-glutamyl-meso-2,6-diaminopimeloyl-D-alanyl-D-alanine","InChI=1S/C87H143N7O23P2/c1-56(2)29-18-30-57(3)31-19-32-58(4)33-20-34-59(5)35-21-36-60(6)37-22-38-61(7)39-23-40-62(8)41-24-42-63(9)43-25-44-64(10)45-26-46-65(11)47-27-48-66(12)53-54-113-118(109,110)117-119(111,112)116-87-77(92-71(17)96)79(78(98)75(55-95)115-87)114-70(16)82(101)89-68(14)81(100)94-74(86(107)108)51-52-76(97)93-73(50-28-49-72(88)85(105)106)83(102)90-67(13)80(99)91-69(15)84(103)104/h29,31,33,35,37,39,41,43,45,47,53,67-70,72-75,77-79,87,95,98H,18-28,30,32,34,36,38,40,42,44,46,48-52,54-55,88H2,1-17H3,(H,89,101)(H,90,102)(H,91,99)(H,92,96)(H,93,97)(H,94,100)(H,103,104)(H,105,106)(H,107,108)(H,109,110)(H,111,112)"
"Uracil","InChI=1S/C4H4N2O2/c7-3-1-2-5-4(8)6-3/h1-2H,(H2,5,6,7,8)"
"Urate C5H4N4O3","InChI=1S/C5H4N4O3/c10-3-1-2(7-4(11)6-1)8-5(12)9-3/h(H4,6,7,8,9,10,11,12)"
"Urea CH4N2O","InChI=1S/CH4N2O/c2-1(3)4/h(H4,2,3,4)"
"Uridine","InChI=1S/C9H12N2O6/c12-3-4-6(14)7(15)8(17-4)11-2-1-5(13)10-9(11)16/h1-2,4,6-8,12,14-15H,3H2,(H,10,13,16)"
"Urocanate C6H5N2O2","InChI=1S/C6H6N2O2/c9-6(10)2-1-5-3-7-4-8-5/h1-4H,(H,7,8)(H,9,10)"
"Xanthine","InChI=1S/C5H4N4O2/c10-4-2-3(7-1-6-2)8-5(11)9-4/h1H,(H3,6,7,8,9,10,11)"
"Xanthosine","InChI=1S/C10H12N4O6/c15-1-3-5(16)6(17)9(20-3)14-2-11-4-7(14)12-10(19)13-8(4)18/h2-3,5-6,9,15-17H,1H2,(H2,12,13,18,19)"
"Xanthosine 5'-phosphate","InChI=1S/C10H13N4O9P/c15-5-3(1-22-24(19,20)21)23-9(6(5)16)14-2-11-4-7(14)12-10(18)13-8(4)17/h2-3,5-6,9,15-16H,1H2,(H2,19,20,21)(H2,12,13,17,18)"
"Zinc","InChI=1S/Zn/q+2"
